SET session_replication_role = replica;

--
-- PostgreSQL database dump
--

-- Dumped from database version 15.1 (Ubuntu 15.1-1.pgdg20.04+1)
-- Dumped by pg_dump version 15.5 (Ubuntu 15.5-1.pgdg20.04+1)

SET statement_timeout = 0;
SET lock_timeout = 0;
SET idle_in_transaction_session_timeout = 0;
SET client_encoding = 'UTF8';
SET standard_conforming_strings = on;
SELECT pg_catalog.set_config('search_path', '', false);
SET check_function_bodies = false;
SET xmloption = content;
SET client_min_messages = warning;
SET row_security = off;

--
-- Data for Name: audit_log_entries; Type: TABLE DATA; Schema: auth; Owner: supabase_auth_admin
--

INSERT INTO "auth"."audit_log_entries" ("instance_id", "id", "payload", "created_at", "ip_address") VALUES
	('00000000-0000-0000-0000-000000000000', '5f752ea7-7ca5-4de9-a908-770241cf8d8a', '{"action":"user_signedup","actor_id":"00000000-0000-0000-0000-000000000000","actor_username":"service_role","actor_via_sso":false,"log_type":"team","traits":{"user_email":"marianolazo@gmail.com","user_id":"ed4d6229-bd8b-4b05-84e0-325f98c0f1c1","user_phone":""}}', '2024-03-17 08:43:04.797708+00', ''),
	('00000000-0000-0000-0000-000000000000', '8549ce76-d172-4b9c-91c3-834696daed88', '{"action":"user_signedup","actor_id":"00000000-0000-0000-0000-000000000000","actor_username":"service_role","actor_via_sso":false,"log_type":"team","traits":{"user_email":"noelfernandez@gmail.com","user_id":"77ce5607-6bba-4385-9b18-cbf315573d53","user_phone":""}}', '2024-03-17 08:43:04.793933+00', ''),
	('00000000-0000-0000-0000-000000000000', '36840461-39bc-4695-8c74-b017e68db550', '{"action":"user_signedup","actor_id":"00000000-0000-0000-0000-000000000000","actor_username":"service_role","actor_via_sso":false,"log_type":"team","traits":{"user_email":"joelcacatian@gmail.com","user_id":"554481aa-53f4-4313-b9b4-a1a92ea07bd4","user_phone":""}}', '2024-03-17 08:43:04.802484+00', ''),
	('00000000-0000-0000-0000-000000000000', 'f1ef0bc9-61e7-499b-b6ec-0e0e0c3ca52e', '{"action":"user_signedup","actor_id":"00000000-0000-0000-0000-000000000000","actor_username":"service_role","actor_via_sso":false,"log_type":"team","traits":{"user_email":"diosdadoadviento@gmail.com","user_id":"290df3a8-860d-4863-bda2-f5e74e396c20","user_phone":""}}', '2024-03-17 08:43:04.830819+00', ''),
	('00000000-0000-0000-0000-000000000000', '464b86d4-8040-4b8b-929c-6f204e114d50', '{"action":"user_signedup","actor_id":"00000000-0000-0000-0000-000000000000","actor_username":"service_role","actor_via_sso":false,"log_type":"team","traits":{"user_email":"roellucena@gmail.com","user_id":"fc878de5-0626-4f72-ae21-7ba5cdc76bfe","user_phone":""}}', '2024-03-17 08:43:04.83045+00', ''),
	('00000000-0000-0000-0000-000000000000', '6c9eca9b-59a2-42b2-9e79-e80a9fc32a1b', '{"action":"user_signedup","actor_id":"00000000-0000-0000-0000-000000000000","actor_username":"service_role","actor_via_sso":false,"log_type":"team","traits":{"user_email":"johnjohncortez@gmail.com","user_id":"df1dd12a-3184-4bf9-babf-f04ce4600086","user_phone":""}}', '2024-03-17 08:43:04.841596+00', ''),
	('00000000-0000-0000-0000-000000000000', 'db3cfddf-5967-44bd-b2e0-8b447421bf2f', '{"action":"user_signedup","actor_id":"00000000-0000-0000-0000-000000000000","actor_username":"service_role","actor_via_sso":false,"log_type":"team","traits":{"user_email":"erwincastillo@gmail.com","user_id":"64f650e6-bf01-4c3e-8369-35d707090e64","user_phone":""}}', '2024-03-17 08:43:04.840826+00', ''),
	('00000000-0000-0000-0000-000000000000', 'eeb2335c-6be6-4263-8d76-0b263c734abb', '{"action":"user_signedup","actor_id":"00000000-0000-0000-0000-000000000000","actor_username":"service_role","actor_via_sso":false,"log_type":"team","traits":{"user_email":"jorgejavier@gmail.com","user_id":"38a7e519-b8ec-4135-a117-8e39db6dd543","user_phone":""}}', '2024-03-17 08:43:04.857342+00', ''),
	('00000000-0000-0000-0000-000000000000', '0ccef30f-f859-44a3-849d-c7e2cb0a991c', '{"action":"user_signedup","actor_id":"00000000-0000-0000-0000-000000000000","actor_username":"service_role","actor_via_sso":false,"log_type":"team","traits":{"user_email":"joellaguna@gmail.com","user_id":"f708bae6-1d5f-45a1-b2e2-8c1c0b1767d0","user_phone":""}}', '2024-03-17 08:43:04.867468+00', ''),
	('00000000-0000-0000-0000-000000000000', '8a691e6b-500a-417f-b5cf-0fda2e747c07', '{"action":"user_signedup","actor_id":"00000000-0000-0000-0000-000000000000","actor_username":"service_role","actor_via_sso":false,"log_type":"team","traits":{"user_email":"junjunmamaradlo@gmail.com","user_id":"df35b725-c225-4647-a5ea-6ec72374020f","user_phone":""}}', '2024-03-17 08:43:04.868424+00', ''),
	('00000000-0000-0000-0000-000000000000', 'a202c304-2b2b-47cc-aa80-9091e9fac015', '{"action":"user_signedup","actor_id":"00000000-0000-0000-0000-000000000000","actor_username":"service_role","actor_via_sso":false,"log_type":"team","traits":{"user_email":"marvinrincoraya@gmail.com","user_id":"82e3adb4-f59c-4c01-bfdc-3f55c260f320","user_phone":""}}', '2024-03-17 08:43:04.870611+00', ''),
	('00000000-0000-0000-0000-000000000000', 'd11b67f4-9b4b-498d-a09e-802e10d915b5', '{"action":"user_signedup","actor_id":"00000000-0000-0000-0000-000000000000","actor_username":"service_role","actor_via_sso":false,"log_type":"team","traits":{"user_email":"juliustabion@gmail.com","user_id":"8f00b3d8-7777-4637-b0ff-e32c72d400c0","user_phone":""}}', '2024-03-17 08:43:04.864441+00', ''),
	('00000000-0000-0000-0000-000000000000', '1db3e99d-266c-4402-af28-63876e5bd0d9', '{"action":"user_signedup","actor_id":"00000000-0000-0000-0000-000000000000","actor_username":"service_role","actor_via_sso":false,"log_type":"team","traits":{"user_email":"albertcabang@gmail.com","user_id":"88c4718e-dc7f-455d-9855-a71db443d7ba","user_phone":""}}', '2024-03-17 08:43:04.879654+00', ''),
	('00000000-0000-0000-0000-000000000000', '247c45c0-da91-424c-ac27-802d73018ea8', '{"action":"user_signedup","actor_id":"00000000-0000-0000-0000-000000000000","actor_username":"service_role","actor_via_sso":false,"log_type":"team","traits":{"user_email":"ildefonsodumpit@gmail.com","user_id":"2c4306fc-980a-4d97-9f1c-1e5112fc3f3a","user_phone":""}}', '2024-03-17 08:43:04.878108+00', ''),
	('00000000-0000-0000-0000-000000000000', 'f0801404-1a37-4694-9956-f65b88bb6509', '{"action":"user_signedup","actor_id":"00000000-0000-0000-0000-000000000000","actor_username":"service_role","actor_via_sso":false,"log_type":"team","traits":{"user_email":"miketabobo@gmail.com","user_id":"d9749a05-098b-42d7-897e-5ff57f17a355","user_phone":""}}', '2024-03-17 08:43:04.883437+00', ''),
	('00000000-0000-0000-0000-000000000000', '762f4b43-deb5-4abc-a659-e87102383410', '{"action":"user_signedup","actor_id":"00000000-0000-0000-0000-000000000000","actor_username":"service_role","actor_via_sso":false,"log_type":"team","traits":{"user_email":"hernardfajardo@gmail.com","user_id":"6396e79b-f7b7-4979-a1c7-c9388ef42b86","user_phone":""}}', '2024-03-17 08:43:04.884236+00', ''),
	('00000000-0000-0000-0000-000000000000', '3214e080-1cd6-4655-9ceb-fb76db55f397', '{"action":"user_signedup","actor_id":"00000000-0000-0000-0000-000000000000","actor_username":"service_role","actor_via_sso":false,"log_type":"team","traits":{"user_email":"jeffreyreasonda@gmail.com","user_id":"37ca0598-8426-4c17-8b1f-8d944bdd64b7","user_phone":""}}', '2024-03-17 08:43:04.883526+00', ''),
	('00000000-0000-0000-0000-000000000000', '86a9d592-f013-438c-bcbd-aa86e5deaa43', '{"action":"user_signedup","actor_id":"00000000-0000-0000-0000-000000000000","actor_username":"service_role","actor_via_sso":false,"log_type":"team","traits":{"user_email":"necomedezpalaylay@gmail.com","user_id":"0cb9dc4a-0f4e-401f-8742-3db3f97815e6","user_phone":""}}', '2024-03-17 08:43:04.889989+00', ''),
	('00000000-0000-0000-0000-000000000000', 'ecff43aa-eeeb-4655-8e1d-ff0c55d9a6b6', '{"action":"user_signedup","actor_id":"00000000-0000-0000-0000-000000000000","actor_username":"service_role","actor_via_sso":false,"log_type":"team","traits":{"user_email":"jovanitani@gmail.com","user_id":"99c30232-b1d0-4bb2-bac7-a1cde4eabb03","user_phone":""}}', '2024-03-17 08:43:04.889831+00', ''),
	('00000000-0000-0000-0000-000000000000', '8f9658c8-c149-4ca5-bf28-55c849cf77d7', '{"action":"user_signedup","actor_id":"00000000-0000-0000-0000-000000000000","actor_username":"service_role","actor_via_sso":false,"log_type":"team","traits":{"user_email":"allanbajesta@gmail.com","user_id":"2233ba23-0ad8-49bc-b3aa-547f7391e405","user_phone":""}}', '2024-03-17 08:43:04.892637+00', ''),
	('00000000-0000-0000-0000-000000000000', '8fd52dc1-8fd1-4d7d-8809-a31135eec8a0', '{"action":"user_signedup","actor_id":"00000000-0000-0000-0000-000000000000","actor_username":"service_role","actor_via_sso":false,"log_type":"team","traits":{"user_email":"princessraquiza@gmail.com","user_id":"98ef9dfd-3fc4-42aa-8e0d-d16550bc0888","user_phone":""}}', '2024-03-17 08:43:04.891706+00', ''),
	('00000000-0000-0000-0000-000000000000', '3d0d5340-9a9f-4f19-b13a-25aacec63f1c', '{"action":"user_signedup","actor_id":"00000000-0000-0000-0000-000000000000","actor_username":"service_role","actor_via_sso":false,"log_type":"team","traits":{"user_email":"larryencarnacion@gmail.com","user_id":"9fdc0fbc-5bae-46c1-9f7f-0702a7d39346","user_phone":""}}', '2024-03-17 08:43:04.893071+00', ''),
	('00000000-0000-0000-0000-000000000000', 'ef7719bd-ba7e-4af2-9a06-52141f7c80da', '{"action":"user_signedup","actor_id":"00000000-0000-0000-0000-000000000000","actor_username":"service_role","actor_via_sso":false,"log_type":"team","traits":{"user_email":"leandrodacasin@gmail.com","user_id":"6bb288c9-4fa4-4810-aa55-3bbbb649d27a","user_phone":""}}', '2024-03-17 08:43:04.898235+00', ''),
	('00000000-0000-0000-0000-000000000000', 'b845fd69-497e-443e-8b63-b2f4386a2d78', '{"action":"user_signedup","actor_id":"00000000-0000-0000-0000-000000000000","actor_username":"service_role","actor_via_sso":false,"log_type":"team","traits":{"user_email":"arleenraga@gmail.com","user_id":"421d82c6-27e6-4fca-ad26-407b84109328","user_phone":""}}', '2024-03-17 08:43:04.900199+00', ''),
	('00000000-0000-0000-0000-000000000000', '73e0c967-5e6c-40a8-a8f2-1bb1e4fcc9ce', '{"action":"user_signedup","actor_id":"00000000-0000-0000-0000-000000000000","actor_username":"service_role","actor_via_sso":false,"log_type":"team","traits":{"user_email":"jimmyfabro@gmail.com","user_id":"3819a90a-4868-4b85-af4a-dba71bc94176","user_phone":""}}', '2024-03-17 08:43:04.905679+00', ''),
	('00000000-0000-0000-0000-000000000000', 'd73d5e3f-71a0-4c31-8726-ce62b149276b', '{"action":"user_signedup","actor_id":"00000000-0000-0000-0000-000000000000","actor_username":"service_role","actor_via_sso":false,"log_type":"team","traits":{"user_email":"noelfernandez@gmail.com","user_id":"a72706f0-a6bb-4da9-9cea-90fbba9f6460","user_phone":""}}', '2024-03-17 08:52:21.966786+00', ''),
	('00000000-0000-0000-0000-000000000000', 'daed2e1c-4e1b-4607-a6b7-58267d5c9038', '{"action":"user_signedup","actor_id":"00000000-0000-0000-0000-000000000000","actor_username":"service_role","actor_via_sso":false,"log_type":"team","traits":{"user_email":"gbduyag@gmail.com","user_id":"080559f6-17ff-4f84-8760-aa73d74b5ed2","user_phone":""}}', '2024-03-17 08:52:22.046965+00', ''),
	('00000000-0000-0000-0000-000000000000', '299cdb97-5fe1-4244-9185-5c37a83d4bf8', '{"action":"login","actor_id":"ed2c2646-7fa9-4b56-bde1-5519b5d562f5","actor_username":"necomedezpalaylay@gmail.com","actor_via_sso":false,"log_type":"account","traits":{"provider":"email"}}', '2024-03-19 10:09:27.497747+00', ''),
	('00000000-0000-0000-0000-000000000000', 'd6f6c847-93c9-4a0f-93e5-facda7849b71', '{"action":"logout","actor_id":"ed2c2646-7fa9-4b56-bde1-5519b5d562f5","actor_username":"necomedezpalaylay@gmail.com","actor_via_sso":false,"log_type":"account"}', '2024-03-19 10:09:27.512884+00', ''),
	('00000000-0000-0000-0000-000000000000', 'b0f90cdb-f181-4ca3-b2f8-319c10deb458', '{"action":"login","actor_id":"2cb342a3-08a6-455c-8cc0-88eafe0cde21","actor_username":"superadmin@urdaneta.gov.ph","actor_via_sso":false,"log_type":"account","traits":{"provider":"email"}}', '2024-03-19 10:09:41.746567+00', ''),
	('00000000-0000-0000-0000-000000000000', '2f158f22-54fe-40fc-807d-852092efe5ff', '{"action":"logout","actor_id":"2cb342a3-08a6-455c-8cc0-88eafe0cde21","actor_username":"superadmin@urdaneta.gov.ph","actor_via_sso":false,"log_type":"account"}', '2024-03-19 10:09:46.611838+00', ''),
	('00000000-0000-0000-0000-000000000000', 'eeaac2cb-11e2-4231-9f0b-32ae11c8df49', '{"action":"login","actor_id":"c155c238-e122-46ee-9271-bd650c044fb3","actor_username":"test@gmail.com","actor_via_sso":false,"log_type":"account","traits":{"provider":"email"}}', '2024-03-19 14:30:50.457295+00', ''),
	('00000000-0000-0000-0000-000000000000', 'b6305396-ef8f-4eea-bb93-45d559152cd1', '{"action":"logout","actor_id":"c155c238-e122-46ee-9271-bd650c044fb3","actor_username":"test@gmail.com","actor_via_sso":false,"log_type":"account"}', '2024-03-19 14:30:50.475864+00', ''),
	('00000000-0000-0000-0000-000000000000', '0e988f28-fe65-4d30-bdca-95842805ea86', '{"action":"login","actor_id":"7c924ba8-a8c1-4324-989e-641acdfb185f","actor_username":"rochelleevaristo@urdaneta.gov.ph","actor_via_sso":false,"log_type":"account","traits":{"provider":"email"}}', '2024-03-19 14:31:23.793017+00', ''),
	('00000000-0000-0000-0000-000000000000', '48af6393-e2c4-423c-aaf6-b1c86973a351', '{"action":"token_refreshed","actor_id":"7c924ba8-a8c1-4324-989e-641acdfb185f","actor_username":"rochelleevaristo@urdaneta.gov.ph","actor_via_sso":false,"log_type":"token"}', '2024-03-20 00:33:06.392714+00', ''),
	('00000000-0000-0000-0000-000000000000', '39a22f87-8811-4509-b7aa-5105e896c8ea', '{"action":"token_revoked","actor_id":"7c924ba8-a8c1-4324-989e-641acdfb185f","actor_username":"rochelleevaristo@urdaneta.gov.ph","actor_via_sso":false,"log_type":"token"}', '2024-03-20 00:33:06.393827+00', ''),
	('00000000-0000-0000-0000-000000000000', 'c51a9d74-0ae7-441c-a5a8-bc1a9f607deb', '{"action":"logout","actor_id":"7c924ba8-a8c1-4324-989e-641acdfb185f","actor_username":"rochelleevaristo@urdaneta.gov.ph","actor_via_sso":false,"log_type":"account"}', '2024-03-20 00:33:13.940233+00', ''),
	('00000000-0000-0000-0000-000000000000', '908f60a2-2f97-4f09-bf27-22bb361f99fe', '{"action":"login","actor_id":"ed2c2646-7fa9-4b56-bde1-5519b5d562f5","actor_username":"necomedezpalaylay@gmail.com","actor_via_sso":false,"log_type":"account","traits":{"provider":"email"}}', '2024-03-20 00:33:22.486636+00', ''),
	('00000000-0000-0000-0000-000000000000', 'cc8df5e1-d69f-41f5-9e1d-49065e9c28bd', '{"action":"logout","actor_id":"ed2c2646-7fa9-4b56-bde1-5519b5d562f5","actor_username":"necomedezpalaylay@gmail.com","actor_via_sso":false,"log_type":"account"}', '2024-03-20 00:33:22.496697+00', ''),
	('00000000-0000-0000-0000-000000000000', '00760c81-a46c-4603-9423-00fe9ef428c7', '{"action":"login","actor_id":"7c924ba8-a8c1-4324-989e-641acdfb185f","actor_username":"rochelleevaristo@urdaneta.gov.ph","actor_via_sso":false,"log_type":"account","traits":{"provider":"email"}}', '2024-03-20 00:33:32.124469+00', ''),
	('00000000-0000-0000-0000-000000000000', 'fc9f0098-810d-46d8-86f0-62efb51179bc', '{"action":"login","actor_id":"2cb342a3-08a6-455c-8cc0-88eafe0cde21","actor_username":"superadmin@urdaneta.gov.ph","actor_via_sso":false,"log_type":"account","traits":{"provider":"email"}}', '2024-03-20 00:42:44.948134+00', ''),
	('00000000-0000-0000-0000-000000000000', '9ca68145-f1b9-4662-a931-6df12fea3fa8', '{"action":"login","actor_id":"2cb342a3-08a6-455c-8cc0-88eafe0cde21","actor_username":"superadmin@urdaneta.gov.ph","actor_via_sso":false,"log_type":"account","traits":{"provider":"email"}}', '2024-03-20 00:43:04.916193+00', ''),
	('00000000-0000-0000-0000-000000000000', '668094c9-bd0f-4cce-bf0e-639375141fef', '{"action":"token_refreshed","actor_id":"7c924ba8-a8c1-4324-989e-641acdfb185f","actor_username":"rochelleevaristo@urdaneta.gov.ph","actor_via_sso":false,"log_type":"token"}', '2024-03-20 05:32:07.269958+00', ''),
	('00000000-0000-0000-0000-000000000000', 'c7e56d19-b68b-4bb8-bae1-c269b96ccd77', '{"action":"token_revoked","actor_id":"7c924ba8-a8c1-4324-989e-641acdfb185f","actor_username":"rochelleevaristo@urdaneta.gov.ph","actor_via_sso":false,"log_type":"token"}', '2024-03-20 05:32:07.273388+00', ''),
	('00000000-0000-0000-0000-000000000000', 'df70c58b-2dcc-4291-97de-d2a2ce4fe51c', '{"action":"token_refreshed","actor_id":"7c924ba8-a8c1-4324-989e-641acdfb185f","actor_username":"rochelleevaristo@urdaneta.gov.ph","actor_via_sso":false,"log_type":"token"}', '2024-03-20 05:32:15.244428+00', ''),
	('00000000-0000-0000-0000-000000000000', 'f46343e0-2cc0-4e20-b50f-bf881a907967', '{"action":"token_refreshed","actor_id":"2cb342a3-08a6-455c-8cc0-88eafe0cde21","actor_username":"superadmin@urdaneta.gov.ph","actor_via_sso":false,"log_type":"token"}', '2024-03-20 06:37:20.306639+00', ''),
	('00000000-0000-0000-0000-000000000000', '6fe00861-afae-4f2e-b270-1ffdda76d691', '{"action":"token_revoked","actor_id":"2cb342a3-08a6-455c-8cc0-88eafe0cde21","actor_username":"superadmin@urdaneta.gov.ph","actor_via_sso":false,"log_type":"token"}', '2024-03-20 06:37:20.307142+00', ''),
	('00000000-0000-0000-0000-000000000000', 'bedb7669-fe77-45d2-a343-69e231a88bbf', '{"action":"token_refreshed","actor_id":"7c924ba8-a8c1-4324-989e-641acdfb185f","actor_username":"rochelleevaristo@urdaneta.gov.ph","actor_via_sso":false,"log_type":"token"}', '2024-03-20 06:38:56.666001+00', ''),
	('00000000-0000-0000-0000-000000000000', '0dc3b028-1b10-4b3e-a4d7-ce2115497f5f', '{"action":"token_revoked","actor_id":"7c924ba8-a8c1-4324-989e-641acdfb185f","actor_username":"rochelleevaristo@urdaneta.gov.ph","actor_via_sso":false,"log_type":"token"}', '2024-03-20 06:38:56.666366+00', ''),
	('00000000-0000-0000-0000-000000000000', '0a65ec86-5291-4506-88ce-06261f9ab726', '{"action":"token_refreshed","actor_id":"7c924ba8-a8c1-4324-989e-641acdfb185f","actor_username":"rochelleevaristo@urdaneta.gov.ph","actor_via_sso":false,"log_type":"token"}', '2024-03-20 07:37:05.401408+00', ''),
	('00000000-0000-0000-0000-000000000000', '488df155-25ca-4cbd-8ebe-2eab3b7edc08', '{"action":"token_revoked","actor_id":"7c924ba8-a8c1-4324-989e-641acdfb185f","actor_username":"rochelleevaristo@urdaneta.gov.ph","actor_via_sso":false,"log_type":"token"}', '2024-03-20 07:37:05.402575+00', ''),
	('00000000-0000-0000-0000-000000000000', '3e7d860f-94dd-4d52-a710-3da02416d377', '{"action":"token_refreshed","actor_id":"2cb342a3-08a6-455c-8cc0-88eafe0cde21","actor_username":"superadmin@urdaneta.gov.ph","actor_via_sso":false,"log_type":"token"}', '2024-03-20 07:46:48.675816+00', ''),
	('00000000-0000-0000-0000-000000000000', 'e831b664-65e9-407a-a1f4-d0f66c3bfc1a', '{"action":"token_revoked","actor_id":"2cb342a3-08a6-455c-8cc0-88eafe0cde21","actor_username":"superadmin@urdaneta.gov.ph","actor_via_sso":false,"log_type":"token"}', '2024-03-20 07:46:48.677446+00', ''),
	('00000000-0000-0000-0000-000000000000', '75614ed6-600f-402f-b213-0efac6bbb65f', '{"action":"token_refreshed","actor_id":"2cb342a3-08a6-455c-8cc0-88eafe0cde21","actor_username":"superadmin@urdaneta.gov.ph","actor_via_sso":false,"log_type":"token"}', '2024-03-20 07:46:48.86781+00', ''),
	('00000000-0000-0000-0000-000000000000', '0e9d205d-4cdf-4af3-ae36-2754df57db70', '{"action":"token_refreshed","actor_id":"7c924ba8-a8c1-4324-989e-641acdfb185f","actor_username":"rochelleevaristo@urdaneta.gov.ph","actor_via_sso":false,"log_type":"token"}', '2024-03-20 10:43:14.245128+00', ''),
	('00000000-0000-0000-0000-000000000000', '31b031c3-45b3-40ed-9082-4371d79c9fd4', '{"action":"user_signedup","actor_id":"00000000-0000-0000-0000-000000000000","actor_username":"service_role","actor_via_sso":false,"log_type":"team","traits":{"user_email":"ronilolapena@gmail.com","user_id":"16b59a52-4d0f-4344-bf71-247ee38e5473","user_phone":""}}', '2024-03-17 08:43:04.901134+00', ''),
	('00000000-0000-0000-0000-000000000000', '3322e13a-5640-4f29-8bf4-616a58ead4ef', '{"action":"user_signedup","actor_id":"00000000-0000-0000-0000-000000000000","actor_username":"service_role","actor_via_sso":false,"log_type":"team","traits":{"user_email":"johnjohncortez@gmail.com","user_id":"ff6817e6-52b9-4c69-8ba4-13e727befab9","user_phone":""}}', '2024-03-17 08:52:21.968591+00', ''),
	('00000000-0000-0000-0000-000000000000', '611ef275-47d2-405f-b2e3-f66192976f10', '{"action":"user_signedup","actor_id":"00000000-0000-0000-0000-000000000000","actor_username":"service_role","actor_via_sso":false,"log_type":"team","traits":{"user_email":"superadmin@urdaneta.gov.ph","user_id":"2cb342a3-08a6-455c-8cc0-88eafe0cde21","user_phone":""}}', '2024-03-17 08:52:22.010795+00', ''),
	('00000000-0000-0000-0000-000000000000', 'f4a0cbb3-b78d-4ac0-ace4-072978b60c8b', '{"action":"user_signedup","actor_id":"00000000-0000-0000-0000-000000000000","actor_username":"service_role","actor_via_sso":false,"log_type":"team","traits":{"user_email":"marianolazo@gmail.com","user_id":"a38125d8-9ccf-4ef9-9e09-df17fa1cf005","user_phone":""}}', '2024-03-17 08:52:22.04768+00', ''),
	('00000000-0000-0000-0000-000000000000', '33f85a4e-ada8-4e45-bf08-dfdcae1d8d55', '{"action":"token_refreshed","actor_id":"7c924ba8-a8c1-4324-989e-641acdfb185f","actor_username":"rochelleevaristo@urdaneta.gov.ph","actor_via_sso":false,"log_type":"token"}', '2024-03-19 15:34:18.957906+00', ''),
	('00000000-0000-0000-0000-000000000000', 'f9f829b2-39b5-4a1a-ad05-e2f65632f6c9', '{"action":"token_revoked","actor_id":"7c924ba8-a8c1-4324-989e-641acdfb185f","actor_username":"rochelleevaristo@urdaneta.gov.ph","actor_via_sso":false,"log_type":"token"}', '2024-03-19 15:34:18.963718+00', ''),
	('00000000-0000-0000-0000-000000000000', 'c0e25199-2ba4-4d18-915c-50c633d2cac7', '{"action":"login","actor_id":"2cb342a3-08a6-455c-8cc0-88eafe0cde21","actor_username":"superadmin@urdaneta.gov.ph","actor_via_sso":false,"log_type":"account","traits":{"provider":"email"}}', '2024-03-20 00:43:04.916199+00', ''),
	('00000000-0000-0000-0000-000000000000', '483e27be-ef31-4cd5-8d4a-c923dc5d1d88', '{"action":"login","actor_id":"2cb342a3-08a6-455c-8cc0-88eafe0cde21","actor_username":"superadmin@urdaneta.gov.ph","actor_via_sso":false,"log_type":"account","traits":{"provider":"email"}}', '2024-03-20 00:43:04.931104+00', ''),
	('00000000-0000-0000-0000-000000000000', '5e4fe888-5b2e-4194-a975-81ac68672685', '{"action":"token_revoked","actor_id":"7c924ba8-a8c1-4324-989e-641acdfb185f","actor_username":"rochelleevaristo@urdaneta.gov.ph","actor_via_sso":false,"log_type":"token"}', '2024-03-20 10:43:14.246224+00', ''),
	('00000000-0000-0000-0000-000000000000', '105de92c-883a-45b1-b0f1-4b750cdfcfff', '{"action":"token_refreshed","actor_id":"7c924ba8-a8c1-4324-989e-641acdfb185f","actor_username":"rochelleevaristo@urdaneta.gov.ph","actor_via_sso":false,"log_type":"token"}', '2024-03-20 10:43:24.121668+00', ''),
	('00000000-0000-0000-0000-000000000000', '90273ee9-d4aa-443a-96ae-ca4d57fd74f1', '{"action":"token_refreshed","actor_id":"7c924ba8-a8c1-4324-989e-641acdfb185f","actor_username":"rochelleevaristo@urdaneta.gov.ph","actor_via_sso":false,"log_type":"token"}', '2024-03-20 12:22:49.227201+00', ''),
	('00000000-0000-0000-0000-000000000000', '3955c2d3-01a8-4fe7-909c-e2198ebb2ef2', '{"action":"token_revoked","actor_id":"7c924ba8-a8c1-4324-989e-641acdfb185f","actor_username":"rochelleevaristo@urdaneta.gov.ph","actor_via_sso":false,"log_type":"token"}', '2024-03-20 12:22:49.227536+00', ''),
	('00000000-0000-0000-0000-000000000000', '91c4117e-20ac-4c88-b4d8-60b5acdd9b52', '{"action":"user_signedup","actor_id":"00000000-0000-0000-0000-000000000000","actor_username":"service_role","actor_via_sso":false,"log_type":"team","traits":{"user_email":"jessiecontaoe@gmail.com","user_id":"ebba38a3-5ff4-4684-b022-aa9f6dccf9c9","user_phone":""}}', '2024-03-17 08:43:04.912138+00', ''),
	('00000000-0000-0000-0000-000000000000', '8931ffcd-c7ed-4b67-8b7b-8e3c0555e61c', '{"action":"user_signedup","actor_id":"00000000-0000-0000-0000-000000000000","actor_username":"service_role","actor_via_sso":false,"log_type":"team","traits":{"user_email":"mariotabilin@gmail.com","user_id":"07157ec6-d7bb-45f6-ae3c-63bc154b380a","user_phone":""}}', '2024-03-17 08:52:21.968362+00', ''),
	('00000000-0000-0000-0000-000000000000', 'be55f249-aea8-4731-a606-d7150a42bd2d', '{"action":"user_signedup","actor_id":"00000000-0000-0000-0000-000000000000","actor_username":"service_role","actor_via_sso":false,"log_type":"team","traits":{"user_email":"junjunmamaradlo@gmail.com","user_id":"a317f908-d71d-45d2-86d9-3665be2587b6","user_phone":""}}', '2024-03-17 08:52:22.04837+00', ''),
	('00000000-0000-0000-0000-000000000000', '58f5ecff-a41f-4a30-a898-cf7f4fd1fd20', '{"action":"login","actor_id":"2cb342a3-08a6-455c-8cc0-88eafe0cde21","actor_username":"superadmin@urdaneta.gov.ph","actor_via_sso":false,"log_type":"account","traits":{"provider":"email"}}', '2024-03-20 00:43:04.927913+00', ''),
	('00000000-0000-0000-0000-000000000000', 'ec59f4c2-0a71-4ade-8247-15238cd06764', '{"action":"login","actor_id":"2cb342a3-08a6-455c-8cc0-88eafe0cde21","actor_username":"superadmin@urdaneta.gov.ph","actor_via_sso":false,"log_type":"account","traits":{"provider":"email"}}', '2024-03-20 00:43:10.649135+00', ''),
	('00000000-0000-0000-0000-000000000000', 'efe01614-43c3-4a9a-ab69-f08bea101b1b', '{"action":"login","actor_id":"2cb342a3-08a6-455c-8cc0-88eafe0cde21","actor_username":"superadmin@urdaneta.gov.ph","actor_via_sso":false,"log_type":"account","traits":{"provider":"email"}}', '2024-03-20 00:43:10.688206+00', ''),
	('00000000-0000-0000-0000-000000000000', 'e8b429ad-f991-48c1-ac93-9724c90e468b', '{"action":"login","actor_id":"2cb342a3-08a6-455c-8cc0-88eafe0cde21","actor_username":"superadmin@urdaneta.gov.ph","actor_via_sso":false,"log_type":"account","traits":{"provider":"email"}}', '2024-03-20 00:43:10.694556+00', ''),
	('00000000-0000-0000-0000-000000000000', 'c51677ee-3e27-4970-9ee7-92cb122309b9', '{"action":"login","actor_id":"2cb342a3-08a6-455c-8cc0-88eafe0cde21","actor_username":"superadmin@urdaneta.gov.ph","actor_via_sso":false,"log_type":"account","traits":{"provider":"email"}}', '2024-03-20 00:43:10.731422+00', ''),
	('00000000-0000-0000-0000-000000000000', '1d1aa227-23db-4c64-b498-fd1593a63d17', '{"action":"token_refreshed","actor_id":"7c924ba8-a8c1-4324-989e-641acdfb185f","actor_username":"rochelleevaristo@urdaneta.gov.ph","actor_via_sso":false,"log_type":"token"}', '2024-03-20 01:31:51.567762+00', ''),
	('00000000-0000-0000-0000-000000000000', '5cda49d7-1370-40e2-a097-f54516685dc2', '{"action":"token_revoked","actor_id":"7c924ba8-a8c1-4324-989e-641acdfb185f","actor_username":"rochelleevaristo@urdaneta.gov.ph","actor_via_sso":false,"log_type":"token"}', '2024-03-20 01:31:51.568128+00', ''),
	('00000000-0000-0000-0000-000000000000', '0320fce7-cb34-4f5c-acd2-1e1a7da5f733', '{"action":"token_refreshed","actor_id":"7c924ba8-a8c1-4324-989e-641acdfb185f","actor_username":"rochelleevaristo@urdaneta.gov.ph","actor_via_sso":false,"log_type":"token"}', '2024-03-20 02:29:59.972067+00', ''),
	('00000000-0000-0000-0000-000000000000', 'a8097033-60b0-4436-82a3-50461d2c9aa9', '{"action":"token_revoked","actor_id":"7c924ba8-a8c1-4324-989e-641acdfb185f","actor_username":"rochelleevaristo@urdaneta.gov.ph","actor_via_sso":false,"log_type":"token"}', '2024-03-20 02:29:59.972475+00', ''),
	('00000000-0000-0000-0000-000000000000', '4296493d-fc00-46b2-9f5a-14eb3d487c49', '{"action":"token_refreshed","actor_id":"7c924ba8-a8c1-4324-989e-641acdfb185f","actor_username":"rochelleevaristo@urdaneta.gov.ph","actor_via_sso":false,"log_type":"token"}', '2024-03-21 07:04:11.345441+00', ''),
	('00000000-0000-0000-0000-000000000000', '1a42c193-8c5a-4e4f-ab1b-bbcd35da5940', '{"action":"token_revoked","actor_id":"7c924ba8-a8c1-4324-989e-641acdfb185f","actor_username":"rochelleevaristo@urdaneta.gov.ph","actor_via_sso":false,"log_type":"token"}', '2024-03-21 07:04:11.346829+00', ''),
	('00000000-0000-0000-0000-000000000000', '91009b44-e4c9-4029-a50d-bc95d96f96f6', '{"action":"user_signedup","actor_id":"00000000-0000-0000-0000-000000000000","actor_username":"service_role","actor_via_sso":false,"log_type":"team","traits":{"user_email":"dariomadronio@gmail.com","user_id":"5fdf7f0f-a5b8-4a58-8d6f-cc99a80adeb6","user_phone":""}}', '2024-03-17 08:43:04.913397+00', ''),
	('00000000-0000-0000-0000-000000000000', '7699e672-5626-40f2-95d4-c9712adcafc7', '{"action":"user_signedup","actor_id":"00000000-0000-0000-0000-000000000000","actor_username":"service_role","actor_via_sso":false,"log_type":"team","traits":{"user_email":"diosdadoadviento@gmail.com","user_id":"1da355c7-7803-4673-9be9-fe442c4039c2","user_phone":""}}', '2024-03-17 08:52:21.967974+00', ''),
	('00000000-0000-0000-0000-000000000000', 'e1bf1386-18d5-4b60-99db-e1460cf706f3', '{"action":"user_signedup","actor_id":"00000000-0000-0000-0000-000000000000","actor_username":"service_role","actor_via_sso":false,"log_type":"team","traits":{"user_email":"benjocorpuz@gmail.com","user_id":"5373fc4d-e764-45b2-9caf-de4fc0a334ad","user_phone":""}}', '2024-03-17 08:52:21.998778+00', ''),
	('00000000-0000-0000-0000-000000000000', '2737124c-8ee5-4e70-86ac-0a2711e254b6', '{"action":"user_signedup","actor_id":"00000000-0000-0000-0000-000000000000","actor_username":"service_role","actor_via_sso":false,"log_type":"team","traits":{"user_email":"joellaguna@gmail.com","user_id":"fe3ef13b-20a3-4c40-9c59-3d6007c822a7","user_phone":""}}', '2024-03-17 08:52:22.040746+00', ''),
	('00000000-0000-0000-0000-000000000000', '91416c27-1610-4708-9215-dcc4b485a23f', '{"action":"user_signedup","actor_id":"00000000-0000-0000-0000-000000000000","actor_username":"service_role","actor_via_sso":false,"log_type":"team","traits":{"user_email":"tirsocacondangan@gmail.com","user_id":"ed9eb4b2-9b76-4d65-a45a-4fb5ce7c71c1","user_phone":""}}', '2024-03-17 08:52:22.047554+00', ''),
	('00000000-0000-0000-0000-000000000000', '718aea43-45d5-4027-8879-e00fc9a4f29d', '{"action":"user_signedup","actor_id":"00000000-0000-0000-0000-000000000000","actor_username":"service_role","actor_via_sso":false,"log_type":"team","traits":{"user_email":"romeomatibag@gmail.com","user_id":"ae5bf8f8-6df4-448d-9186-2116d412e770","user_phone":""}}', '2024-03-17 08:43:04.913707+00', ''),
	('00000000-0000-0000-0000-000000000000', '3f5ca27c-c133-43d0-8603-d4c26cb5e540', '{"action":"user_signedup","actor_id":"00000000-0000-0000-0000-000000000000","actor_username":"service_role","actor_via_sso":false,"log_type":"team","traits":{"user_email":"princessraquiza@gmail.com","user_id":"4edfb48c-a15e-4805-bda4-9a78e90bc35a","user_phone":""}}', '2024-03-17 08:52:21.969444+00', ''),
	('00000000-0000-0000-0000-000000000000', '7f4dcb4f-a982-4a6d-acb1-75938708f82f', '{"action":"user_signedup","actor_id":"00000000-0000-0000-0000-000000000000","actor_username":"service_role","actor_via_sso":false,"log_type":"team","traits":{"user_email":"leandrodacasin@gmail.com","user_id":"27232133-d2ea-492b-8648-f7b5a62fc4e3","user_phone":""}}', '2024-03-17 08:52:22.047683+00', ''),
	('00000000-0000-0000-0000-000000000000', '3f024482-f589-4b26-9a9e-49a6aa3d1f53', '{"action":"user_signedup","actor_id":"00000000-0000-0000-0000-000000000000","actor_username":"service_role","actor_via_sso":false,"log_type":"team","traits":{"user_email":"tirsocacondangan@gmail.com","user_id":"ba33d507-db88-4cb0-a465-1c62a57edc31","user_phone":""}}', '2024-03-17 08:43:04.916452+00', ''),
	('00000000-0000-0000-0000-000000000000', '88f2daab-f845-4eb9-9bb2-cdb39da9ca8d', '{"action":"user_signedup","actor_id":"00000000-0000-0000-0000-000000000000","actor_username":"service_role","actor_via_sso":false,"log_type":"team","traits":{"user_email":"erwincastillo@gmail.com","user_id":"8b9295f0-b6fc-4b55-835e-4c4fc32a229b","user_phone":""}}', '2024-03-17 08:52:21.972263+00', ''),
	('00000000-0000-0000-0000-000000000000', '455e6240-398a-49f3-95fb-e29f6e7f9520', '{"action":"user_signedup","actor_id":"00000000-0000-0000-0000-000000000000","actor_username":"service_role","actor_via_sso":false,"log_type":"team","traits":{"user_email":"dariomadronio@gmail.com","user_id":"aef054fe-5f34-4bc8-aafd-ab26d226c70e","user_phone":""}}', '2024-03-17 08:52:22.01893+00', ''),
	('00000000-0000-0000-0000-000000000000', '486383c5-b542-4cfd-862d-a79c221acb11', '{"action":"user_signedup","actor_id":"00000000-0000-0000-0000-000000000000","actor_username":"service_role","actor_via_sso":false,"log_type":"team","traits":{"user_email":"miketabobo@gmail.com","user_id":"bf528541-191f-4111-9a80-aa0f2f272105","user_phone":""}}', '2024-03-17 08:52:22.047743+00', ''),
	('00000000-0000-0000-0000-000000000000', 'b68cbf83-7a26-427b-867e-fd7e87dc4006', '{"action":"user_signedup","actor_id":"00000000-0000-0000-0000-000000000000","actor_username":"service_role","actor_via_sso":false,"log_type":"team","traits":{"user_email":"raymundollero@gmail.com","user_id":"fb7afd40-b51d-4c6e-9281-833178851560","user_phone":""}}', '2024-03-17 08:43:04.916571+00', ''),
	('00000000-0000-0000-0000-000000000000', '1d4a83a5-e4e0-456d-9ce9-c51fd4e593ae', '{"action":"user_signedup","actor_id":"00000000-0000-0000-0000-000000000000","actor_username":"service_role","actor_via_sso":false,"log_type":"team","traits":{"user_email":"jessiecontaoe@gmail.com","user_id":"76683732-d9a1-4772-a0d9-1af6aa7aef07","user_phone":""}}', '2024-03-17 08:52:21.968102+00', ''),
	('00000000-0000-0000-0000-000000000000', '16574070-a495-4b5f-b493-3ef821be05f7', '{"action":"user_signedup","actor_id":"00000000-0000-0000-0000-000000000000","actor_username":"service_role","actor_via_sso":false,"log_type":"team","traits":{"user_email":"arleenraga@gmail.com","user_id":"0d280c20-c2fd-487e-a7d6-9164549ce646","user_phone":""}}', '2024-03-17 08:52:22.013755+00', ''),
	('00000000-0000-0000-0000-000000000000', '23358cbf-20d9-4f70-bcf5-69fc98442c32', '{"action":"user_signedup","actor_id":"00000000-0000-0000-0000-000000000000","actor_username":"service_role","actor_via_sso":false,"log_type":"team","traits":{"user_email":"allanbajesta@gmail.com","user_id":"3c0d5c53-9173-4901-af4b-e0123e8e5f78","user_phone":""}}', '2024-03-17 08:52:22.068037+00', ''),
	('00000000-0000-0000-0000-000000000000', 'ceca76ff-96ba-4515-a6fe-2343bc03305d', '{"action":"login","actor_id":"ed2c2646-7fa9-4b56-bde1-5519b5d562f5","actor_username":"necomedezpalaylay@gmail.com","actor_via_sso":false,"log_type":"account","traits":{"provider":"email"}}', '2024-03-17 14:05:33.77992+00', ''),
	('00000000-0000-0000-0000-000000000000', 'bcd04dd4-46e1-4b5f-bc6a-47b115755d1c', '{"action":"user_signedup","actor_id":"00000000-0000-0000-0000-000000000000","actor_username":"service_role","actor_via_sso":false,"log_type":"team","traits":{"user_email":"superadmin@urdaneta.gov.ph","user_id":"ad6ed13c-ae64-4c5b-b3e8-c559d36cdb87","user_phone":""}}', '2024-03-17 08:43:04.923125+00', ''),
	('00000000-0000-0000-0000-000000000000', 'e2a84267-c71e-4ab8-a2aa-55c9b6c1d746', '{"action":"user_signedup","actor_id":"00000000-0000-0000-0000-000000000000","actor_username":"service_role","actor_via_sso":false,"log_type":"team","traits":{"user_email":"marvinacosta@gmail.com","user_id":"f6aa5621-a15e-456c-b8c9-ddce0d490032","user_phone":""}}', '2024-03-17 08:52:21.975014+00', ''),
	('00000000-0000-0000-0000-000000000000', 'f0946276-28db-4d38-90a9-de95b3a674e1', '{"action":"user_signedup","actor_id":"00000000-0000-0000-0000-000000000000","actor_username":"service_role","actor_via_sso":false,"log_type":"team","traits":{"user_email":"gerardofajardo@gmail.com","user_id":"0d95406b-8860-4885-af82-4aedf6b6f436","user_phone":""}}', '2024-03-17 08:52:21.99227+00', ''),
	('00000000-0000-0000-0000-000000000000', '7dcc3b81-aa2f-4735-9ee6-f4c5f9e27c17', '{"action":"user_signedup","actor_id":"00000000-0000-0000-0000-000000000000","actor_username":"service_role","actor_via_sso":false,"log_type":"team","traits":{"user_email":"johnrygabertan@gmail.com","user_id":"d2c43c5c-1202-4917-bcff-c5e6776c0ab3","user_phone":""}}', '2024-03-17 08:43:04.92644+00', ''),
	('00000000-0000-0000-0000-000000000000', 'bd4b6c37-e864-4e32-a406-e69289140c75', '{"action":"user_signedup","actor_id":"00000000-0000-0000-0000-000000000000","actor_username":"service_role","actor_via_sso":false,"log_type":"team","traits":{"user_email":"albertsunga@gmail.com","user_id":"1d43e6c5-c56a-49d3-99f1-7e410060c801","user_phone":""}}', '2024-03-17 08:43:04.934447+00', ''),
	('00000000-0000-0000-0000-000000000000', 'dad7f549-5bc2-4d0e-890d-b37489ad4c07', '{"action":"user_signedup","actor_id":"00000000-0000-0000-0000-000000000000","actor_username":"service_role","actor_via_sso":false,"log_type":"team","traits":{"user_email":"emiljimenez@gmail.com","user_id":"063303ec-0d82-4852-ab0f-8332b59db3c8","user_phone":""}}', '2024-03-17 08:52:21.976211+00', ''),
	('00000000-0000-0000-0000-000000000000', 'ddff6a8e-3507-4dc9-ad90-3d3cb729d60f', '{"action":"user_signedup","actor_id":"00000000-0000-0000-0000-000000000000","actor_username":"service_role","actor_via_sso":false,"log_type":"team","traits":{"user_email":"gerardofajardo@gmail.com","user_id":"361afbbf-bad3-4de1-8076-45d19457a6d7","user_phone":""}}', '2024-03-17 08:43:04.926447+00', ''),
	('00000000-0000-0000-0000-000000000000', '81ca7df1-8701-4b44-8472-5bb090ba71f0', '{"action":"user_signedup","actor_id":"00000000-0000-0000-0000-000000000000","actor_username":"service_role","actor_via_sso":false,"log_type":"team","traits":{"user_email":"albertcabang@gmail.com","user_id":"156304d6-a833-48aa-b6d7-42d9bb2c6b68","user_phone":""}}', '2024-03-17 08:52:21.979947+00', ''),
	('00000000-0000-0000-0000-000000000000', '012ba597-2c8f-42b3-9d97-b07b49a35187', '{"action":"user_signedup","actor_id":"00000000-0000-0000-0000-000000000000","actor_username":"service_role","actor_via_sso":false,"log_type":"team","traits":{"user_email":"williammanibog@gmail.com","user_id":"c0dcb879-d985-4b3c-8680-8a13cd1d645d","user_phone":""}}', '2024-03-17 08:43:04.927935+00', ''),
	('00000000-0000-0000-0000-000000000000', '63ff5584-471b-48b8-b4ec-50efbb022f37', '{"action":"user_signedup","actor_id":"00000000-0000-0000-0000-000000000000","actor_username":"service_role","actor_via_sso":false,"log_type":"team","traits":{"user_email":"gbduyag@gmail.com","user_id":"2c2471a1-b20f-4248-9fb1-6bcc9896b921","user_phone":""}}', '2024-03-17 08:43:04.946035+00', ''),
	('00000000-0000-0000-0000-000000000000', 'f0308bf1-0cae-4cf8-a887-c1c69dd07662', '{"action":"user_signedup","actor_id":"00000000-0000-0000-0000-000000000000","actor_username":"service_role","actor_via_sso":false,"log_type":"team","traits":{"user_email":"mariotabilin@gmail.com","user_id":"16592f9d-fcac-4129-8deb-ba3116da1461","user_phone":""}}', '2024-03-17 08:43:04.956335+00', ''),
	('00000000-0000-0000-0000-000000000000', 'e156789b-2f81-484b-b1a7-241c2328b631', '{"action":"user_signedup","actor_id":"00000000-0000-0000-0000-000000000000","actor_username":"service_role","actor_via_sso":false,"log_type":"team","traits":{"user_email":"jerrycorales@gmail.com","user_id":"8f0e9ae0-85ee-41db-9c75-145a43839a42","user_phone":""}}', '2024-03-17 08:43:04.965202+00', ''),
	('00000000-0000-0000-0000-000000000000', '5181892e-c979-4b08-8033-f193dd6851d8', '{"action":"user_signedup","actor_id":"00000000-0000-0000-0000-000000000000","actor_username":"service_role","actor_via_sso":false,"log_type":"team","traits":{"user_email":"rodelsanchez@gmail.com","user_id":"3b7d2872-67b4-47d6-b36b-afc6013aae6a","user_phone":""}}', '2024-03-17 08:43:04.984558+00', ''),
	('00000000-0000-0000-0000-000000000000', '4d3a1f6e-cc17-4fcb-ad6b-cdd612ceca3d', '{"action":"user_signedup","actor_id":"00000000-0000-0000-0000-000000000000","actor_username":"service_role","actor_via_sso":false,"log_type":"team","traits":{"user_email":"benjocorpuz@gmail.com","user_id":"430ec586-3dcd-49f0-a0f4-680606c620e7","user_phone":""}}', '2024-03-17 08:43:04.987333+00', ''),
	('00000000-0000-0000-0000-000000000000', 'dd77db56-7f56-47f8-8b45-334496d08921', '{"action":"user_signedup","actor_id":"430ec586-3dcd-49f0-a0f4-680606c620e7","actor_username":"benjocorpuz@gmail.com","actor_via_sso":false,"log_type":"team","traits":{"provider":"email"}}', '2024-03-17 08:44:36.660218+00', ''),
	('00000000-0000-0000-0000-000000000000', '771c2026-67bb-42f0-97fe-5f4940bfdad6', '{"action":"login","actor_id":"430ec586-3dcd-49f0-a0f4-680606c620e7","actor_username":"benjocorpuz@gmail.com","actor_via_sso":false,"log_type":"account","traits":{"provider":"email"}}', '2024-03-17 08:44:36.662456+00', ''),
	('00000000-0000-0000-0000-000000000000', '183b1e8f-08fd-4a8c-b83b-e3c66d0c1cea', '{"action":"user_recovery_requested","actor_id":"430ec586-3dcd-49f0-a0f4-680606c620e7","actor_username":"benjocorpuz@gmail.com","actor_via_sso":false,"log_type":"user"}', '2024-03-17 08:44:36.676384+00', ''),
	('00000000-0000-0000-0000-000000000000', '89c4072c-3756-42af-9377-9a05fb6662c0', '{"action":"user_signedup","actor_id":"00000000-0000-0000-0000-000000000000","actor_username":"service_role","actor_via_sso":false,"log_type":"team","traits":{"user_email":"romeomatibag@gmail.com","user_id":"2b5d10f6-f6cb-4cb0-ad8d-779ca583cae0","user_phone":""}}', '2024-03-17 08:52:21.992044+00', ''),
	('00000000-0000-0000-0000-000000000000', '52fb2adb-6267-4d12-9ebe-a770a6b1c4b1', '{"action":"user_signedup","actor_id":"00000000-0000-0000-0000-000000000000","actor_username":"service_role","actor_via_sso":false,"log_type":"team","traits":{"user_email":"ericellasos@gmail.com","user_id":"23fb8558-0915-4919-8873-88788f49c258","user_phone":""}}', '2024-03-17 08:52:22.027594+00', ''),
	('00000000-0000-0000-0000-000000000000', 'd30c3bcd-2ae4-40c7-a568-c0fd3083f31c', '{"action":"user_signedup","actor_id":"00000000-0000-0000-0000-000000000000","actor_username":"service_role","actor_via_sso":false,"log_type":"team","traits":{"user_email":"ericellasos@gmail.com","user_id":"0b7e2f02-28af-4de0-bc61-741d1184ca03","user_phone":""}}', '2024-03-17 08:43:04.932993+00', ''),
	('00000000-0000-0000-0000-000000000000', '097769c4-4ada-4e59-9753-f588e0f24f92', '{"action":"user_signedup","actor_id":"00000000-0000-0000-0000-000000000000","actor_username":"service_role","actor_via_sso":false,"log_type":"team","traits":{"user_email":"williammanibog@gmail.com","user_id":"d3b304d2-fe9c-4f73-865f-d4d2404a708a","user_phone":""}}', '2024-03-17 08:52:21.993264+00', ''),
	('00000000-0000-0000-0000-000000000000', '6f766dbc-a5a2-463f-a0c5-de6963f8ec96', '{"action":"user_signedup","actor_id":"00000000-0000-0000-0000-000000000000","actor_username":"service_role","actor_via_sso":false,"log_type":"team","traits":{"user_email":"rexserafica@gmail.com","user_id":"1a5ee382-a60f-49b8-abd0-e8943b0561d0","user_phone":""}}', '2024-03-17 08:43:04.948579+00', ''),
	('00000000-0000-0000-0000-000000000000', '0cf87d6c-ddd1-424f-bf76-572398334bea', '{"action":"user_signedup","actor_id":"00000000-0000-0000-0000-000000000000","actor_username":"service_role","actor_via_sso":false,"log_type":"team","traits":{"user_email":"emiljimenez@gmail.com","user_id":"85bd7d1e-3c7f-4202-a933-cf7cc79249d1","user_phone":""}}', '2024-03-17 08:43:04.954473+00', ''),
	('00000000-0000-0000-0000-000000000000', '7e6f13ee-6648-4f2e-9f60-765b74d99d20', '{"action":"user_signedup","actor_id":"00000000-0000-0000-0000-000000000000","actor_username":"service_role","actor_via_sso":false,"log_type":"team","traits":{"user_email":"marvinacosta@gmail.com","user_id":"2f71cec0-a214-47e4-9c8c-c281f7bbd37c","user_phone":""}}', '2024-03-17 08:43:04.965136+00', ''),
	('00000000-0000-0000-0000-000000000000', '9f4dc035-fcdf-4d9f-9e40-898a0834a745', '{"action":"user_signedup","actor_id":"00000000-0000-0000-0000-000000000000","actor_username":"service_role","actor_via_sso":false,"log_type":"team","traits":{"user_email":"jorgejavier@gmail.com","user_id":"10d8827f-f1f3-4847-aeb6-4bd2d8ad761b","user_phone":""}}', '2024-03-17 08:52:21.865399+00', ''),
	('00000000-0000-0000-0000-000000000000', '348b36ce-8483-43f5-b01b-2d183c4ecfe8', '{"action":"user_signedup","actor_id":"00000000-0000-0000-0000-000000000000","actor_username":"service_role","actor_via_sso":false,"log_type":"team","traits":{"user_email":"marvinrincoraya@gmail.com","user_id":"5c01498d-988f-4070-866f-a933f0cb5c14","user_phone":""}}', '2024-03-17 08:52:21.976432+00', ''),
	('00000000-0000-0000-0000-000000000000', '66641c13-717a-425c-9ae1-e32edfc0342a', '{"action":"user_signedup","actor_id":"00000000-0000-0000-0000-000000000000","actor_username":"service_role","actor_via_sso":false,"log_type":"team","traits":{"user_email":"larryencarnacion@gmail.com","user_id":"1ca73714-0ec3-4dbb-b2b1-010a5676c6ba","user_phone":""}}', '2024-03-17 08:52:22.015695+00', ''),
	('00000000-0000-0000-0000-000000000000', 'ee65f381-eca1-4c01-b306-7ee976cb3e43', '{"action":"user_signedup","actor_id":"00000000-0000-0000-0000-000000000000","actor_username":"service_role","actor_via_sso":false,"log_type":"team","traits":{"user_email":"marlonfiguracion@gmail.com","user_id":"dbfdc8a2-9536-4b60-bb75-b4445aa5dedb","user_phone":""}}', '2024-03-17 08:52:21.866403+00', ''),
	('00000000-0000-0000-0000-000000000000', 'e4fca054-a53d-4cc2-b2dd-c38f9df2f4e6', '{"action":"user_signedup","actor_id":"00000000-0000-0000-0000-000000000000","actor_username":"service_role","actor_via_sso":false,"log_type":"team","traits":{"user_email":"jerrycorales@gmail.com","user_id":"6869876e-5d1d-45ba-a3db-84288ca059cb","user_phone":""}}', '2024-03-17 08:52:21.981097+00', ''),
	('00000000-0000-0000-0000-000000000000', 'aba1a709-ce21-44f1-9941-6475ffffd6f5', '{"action":"user_signedup","actor_id":"00000000-0000-0000-0000-000000000000","actor_username":"service_role","actor_via_sso":false,"log_type":"team","traits":{"user_email":"raymundollero@gmail.com","user_id":"c7c796ce-d642-4c63-b4c3-d2e9a2bd625d","user_phone":""}}', '2024-03-17 08:52:22.016258+00', ''),
	('00000000-0000-0000-0000-000000000000', '329a87f9-f5d4-4ef4-b6ad-c4cf581b8fa1', '{"action":"user_signedup","actor_id":"c155c238-e122-46ee-9271-bd650c044fb3","actor_username":"test@gmail.com","actor_via_sso":false,"log_type":"team","traits":{"provider":"email"}}', '2024-03-18 01:02:16.784836+00', ''),
	('00000000-0000-0000-0000-000000000000', '02c90b04-c52c-4c69-997d-ef46b9a53b2f', '{"action":"login","actor_id":"c155c238-e122-46ee-9271-bd650c044fb3","actor_username":"test@gmail.com","actor_via_sso":false,"log_type":"account","traits":{"provider":"email"}}', '2024-03-18 01:02:16.787388+00', ''),
	('00000000-0000-0000-0000-000000000000', '11a14d8c-c0f6-48eb-8f4a-c9af1c68d05d', '{"action":"login","actor_id":"ed2c2646-7fa9-4b56-bde1-5519b5d562f5","actor_username":"necomedezpalaylay@gmail.com","actor_via_sso":false,"log_type":"account","traits":{"provider":"email"}}', '2024-03-18 01:16:13.725977+00', ''),
	('00000000-0000-0000-0000-000000000000', '4de87f2e-81f2-4f92-9c79-ceeefd893129', '{"action":"login","actor_id":"ed2c2646-7fa9-4b56-bde1-5519b5d562f5","actor_username":"necomedezpalaylay@gmail.com","actor_via_sso":false,"log_type":"account","traits":{"provider":"email"}}', '2024-03-18 01:17:45.196273+00', ''),
	('00000000-0000-0000-0000-000000000000', '78f2fc67-9fae-4fa9-bb74-2c553a3eb7fa', '{"action":"logout","actor_id":"ed2c2646-7fa9-4b56-bde1-5519b5d562f5","actor_username":"necomedezpalaylay@gmail.com","actor_via_sso":false,"log_type":"account"}', '2024-03-18 01:28:14.859857+00', ''),
	('00000000-0000-0000-0000-000000000000', '7786433d-3db5-4652-be33-30815ce937e4', '{"action":"login","actor_id":"ed2c2646-7fa9-4b56-bde1-5519b5d562f5","actor_username":"necomedezpalaylay@gmail.com","actor_via_sso":false,"log_type":"account","traits":{"provider":"email"}}', '2024-03-18 01:30:50.295193+00', ''),
	('00000000-0000-0000-0000-000000000000', '6167efd6-53a7-442e-ab0c-00f2d97c4875', '{"action":"logout","actor_id":"ed2c2646-7fa9-4b56-bde1-5519b5d562f5","actor_username":"necomedezpalaylay@gmail.com","actor_via_sso":false,"log_type":"account"}', '2024-03-18 01:34:47.166419+00', ''),
	('00000000-0000-0000-0000-000000000000', '54f74ce6-bc3a-49a3-965b-a5ca568cd5a2', '{"action":"login","actor_id":"c155c238-e122-46ee-9271-bd650c044fb3","actor_username":"test@gmail.com","actor_via_sso":false,"log_type":"account","traits":{"provider":"email"}}', '2024-03-19 02:36:29.042488+00', ''),
	('00000000-0000-0000-0000-000000000000', '1d98f0a4-b8ae-4e49-9a03-53a4b3bfc415', '{"action":"logout","actor_id":"c155c238-e122-46ee-9271-bd650c044fb3","actor_username":"test@gmail.com","actor_via_sso":false,"log_type":"account"}', '2024-03-19 02:40:32.362635+00', ''),
	('00000000-0000-0000-0000-000000000000', 'af264a3a-fa14-4d59-8cda-a6a1626bde26', '{"action":"token_refreshed","actor_id":"c155c238-e122-46ee-9271-bd650c044fb3","actor_username":"test@gmail.com","actor_via_sso":false,"log_type":"token"}', '2024-03-19 05:52:13.895475+00', ''),
	('00000000-0000-0000-0000-000000000000', 'a2bbf142-3d09-402a-92ae-648a4085fa61', '{"action":"token_revoked","actor_id":"c155c238-e122-46ee-9271-bd650c044fb3","actor_username":"test@gmail.com","actor_via_sso":false,"log_type":"token"}', '2024-03-19 05:52:13.896662+00', ''),
	('00000000-0000-0000-0000-000000000000', 'b3185dbc-ab66-4b82-a480-a39fcfd6a6ca', '{"action":"logout","actor_id":"c155c238-e122-46ee-9271-bd650c044fb3","actor_username":"test@gmail.com","actor_via_sso":false,"log_type":"account"}', '2024-03-19 06:04:29.728393+00', ''),
	('00000000-0000-0000-0000-000000000000', '8b5b7a03-769a-45be-93cf-4f4650d333c4', '{"action":"login","actor_id":"2cb342a3-08a6-455c-8cc0-88eafe0cde21","actor_username":"superadmin@urdaneta.gov.ph","actor_via_sso":false,"log_type":"account","traits":{"provider":"email"}}', '2024-03-19 06:07:14.586418+00', ''),
	('00000000-0000-0000-0000-000000000000', 'a0285ad9-23c8-47c3-a9da-f4db39fc44db', '{"action":"user_signedup","actor_id":"00000000-0000-0000-0000-000000000000","actor_username":"service_role","actor_via_sso":false,"log_type":"team","traits":{"user_email":"rochelleevaristo@urdaneta.gov.ph","user_id":"7c924ba8-a8c1-4324-989e-641acdfb185f","user_phone":""}}', '2024-03-19 06:32:35.298201+00', ''),
	('00000000-0000-0000-0000-000000000000', 'd78607d3-b06e-4db8-8fa1-579e862dcdea', '{"action":"logout","actor_id":"2cb342a3-08a6-455c-8cc0-88eafe0cde21","actor_username":"superadmin@urdaneta.gov.ph","actor_via_sso":false,"log_type":"account"}', '2024-03-19 07:03:12.37389+00', ''),
	('00000000-0000-0000-0000-000000000000', '83bd802e-853b-4db7-a0d3-5afa2cbdc436', '{"action":"login","actor_id":"ed2c2646-7fa9-4b56-bde1-5519b5d562f5","actor_username":"necomedezpalaylay@gmail.com","actor_via_sso":false,"log_type":"account","traits":{"provider":"email"}}', '2024-03-19 07:03:56.565214+00', ''),
	('00000000-0000-0000-0000-000000000000', 'b6f567b6-6334-48f8-8246-e7e418475664', '{"action":"logout","actor_id":"ed2c2646-7fa9-4b56-bde1-5519b5d562f5","actor_username":"necomedezpalaylay@gmail.com","actor_via_sso":false,"log_type":"account"}', '2024-03-19 07:04:11.295029+00', ''),
	('00000000-0000-0000-0000-000000000000', 'cc99bcff-270e-4a50-bc05-7ed19ce09a78', '{"action":"login","actor_id":"ed2c2646-7fa9-4b56-bde1-5519b5d562f5","actor_username":"necomedezpalaylay@gmail.com","actor_via_sso":false,"log_type":"account","traits":{"provider":"email"}}', '2024-03-19 07:05:06.004924+00', ''),
	('00000000-0000-0000-0000-000000000000', 'c0d3b541-0e65-4057-ab94-045a453bf937', '{"action":"logout","actor_id":"ed2c2646-7fa9-4b56-bde1-5519b5d562f5","actor_username":"necomedezpalaylay@gmail.com","actor_via_sso":false,"log_type":"account"}', '2024-03-19 07:07:25.533313+00', ''),
	('00000000-0000-0000-0000-000000000000', '11c5e9f0-aa31-45a0-94fe-e12b288edf20', '{"action":"login","actor_id":"ed2c2646-7fa9-4b56-bde1-5519b5d562f5","actor_username":"necomedezpalaylay@gmail.com","actor_via_sso":false,"log_type":"account","traits":{"provider":"email"}}', '2024-03-19 07:07:30.193359+00', ''),
	('00000000-0000-0000-0000-000000000000', '61a201bb-fdc0-459d-b3ff-a93b00ce4a7a', '{"action":"logout","actor_id":"ed2c2646-7fa9-4b56-bde1-5519b5d562f5","actor_username":"necomedezpalaylay@gmail.com","actor_via_sso":false,"log_type":"account"}', '2024-03-19 07:07:30.208725+00', ''),
	('00000000-0000-0000-0000-000000000000', '7626f117-7a02-4d77-9746-2d88b74e717a', '{"action":"login","actor_id":"ed2c2646-7fa9-4b56-bde1-5519b5d562f5","actor_username":"necomedezpalaylay@gmail.com","actor_via_sso":false,"log_type":"account","traits":{"provider":"email"}}', '2024-03-19 07:07:31.194604+00', ''),
	('00000000-0000-0000-0000-000000000000', 'ad4b397f-0b12-42f2-a35a-e428fd8179a5', '{"action":"logout","actor_id":"ed2c2646-7fa9-4b56-bde1-5519b5d562f5","actor_username":"necomedezpalaylay@gmail.com","actor_via_sso":false,"log_type":"account"}', '2024-03-19 07:07:31.21187+00', ''),
	('00000000-0000-0000-0000-000000000000', '7958f082-58fb-4a8c-b329-6ec5daf709eb', '{"action":"login","actor_id":"ed2c2646-7fa9-4b56-bde1-5519b5d562f5","actor_username":"necomedezpalaylay@gmail.com","actor_via_sso":false,"log_type":"account","traits":{"provider":"email"}}', '2024-03-19 07:07:32.249693+00', ''),
	('00000000-0000-0000-0000-000000000000', '6d8dfedb-a07f-467f-b7ad-33fe18edc8a6', '{"action":"logout","actor_id":"ed2c2646-7fa9-4b56-bde1-5519b5d562f5","actor_username":"necomedezpalaylay@gmail.com","actor_via_sso":false,"log_type":"account"}', '2024-03-19 07:07:32.267321+00', ''),
	('00000000-0000-0000-0000-000000000000', '70b019f1-a05b-4317-a3cb-34f51a37ca26', '{"action":"login","actor_id":"ed2c2646-7fa9-4b56-bde1-5519b5d562f5","actor_username":"necomedezpalaylay@gmail.com","actor_via_sso":false,"log_type":"account","traits":{"provider":"email"}}', '2024-03-19 07:07:33.044275+00', ''),
	('00000000-0000-0000-0000-000000000000', '59230fc8-03ee-4686-a3dc-4523cbb8a73f', '{"action":"logout","actor_id":"ed2c2646-7fa9-4b56-bde1-5519b5d562f5","actor_username":"necomedezpalaylay@gmail.com","actor_via_sso":false,"log_type":"account"}', '2024-03-19 07:07:33.062059+00', ''),
	('00000000-0000-0000-0000-000000000000', 'afb9a327-7363-4664-b61a-70558d63e8f4', '{"action":"user_signedup","actor_id":"00000000-0000-0000-0000-000000000000","actor_username":"service_role","actor_via_sso":false,"log_type":"team","traits":{"user_email":"roellucena@gmail.com","user_id":"44b8cc2a-923b-4a6a-bdb5-52eaaa6d900e","user_phone":""}}', '2024-03-17 08:52:21.890641+00', ''),
	('00000000-0000-0000-0000-000000000000', 'e728c87a-ecca-45de-ad4a-7f12d0c932e0', '{"action":"user_signedup","actor_id":"00000000-0000-0000-0000-000000000000","actor_username":"service_role","actor_via_sso":false,"log_type":"team","traits":{"user_email":"rexserafica@gmail.com","user_id":"e3d1e9d3-fc73-4f51-b22d-2b7673299d44","user_phone":""}}', '2024-03-17 08:52:22.020734+00', ''),
	('00000000-0000-0000-0000-000000000000', '48e1c479-ffff-49b9-af69-07ea7a27849f', '{"action":"logout","actor_id":"ed2c2646-7fa9-4b56-bde1-5519b5d562f5","actor_username":"necomedezpalaylay@gmail.com","actor_via_sso":false,"log_type":"account"}', '2024-03-18 01:34:47.174828+00', ''),
	('00000000-0000-0000-0000-000000000000', '0012f74c-e436-4d6d-97ab-35935a524a17', '{"action":"login","actor_id":"ed2c2646-7fa9-4b56-bde1-5519b5d562f5","actor_username":"necomedezpalaylay@gmail.com","actor_via_sso":false,"log_type":"account","traits":{"provider":"email"}}', '2024-03-18 01:35:13.972265+00', ''),
	('00000000-0000-0000-0000-000000000000', 'da74cea9-e4b9-481e-be4f-ae4410dbbd1d', '{"action":"token_refreshed","actor_id":"ed2c2646-7fa9-4b56-bde1-5519b5d562f5","actor_username":"necomedezpalaylay@gmail.com","actor_via_sso":false,"log_type":"token"}', '2024-03-18 02:33:14.487076+00', ''),
	('00000000-0000-0000-0000-000000000000', 'afcc35dd-b362-4ae9-863b-8e1d1acc3f72', '{"action":"token_revoked","actor_id":"ed2c2646-7fa9-4b56-bde1-5519b5d562f5","actor_username":"necomedezpalaylay@gmail.com","actor_via_sso":false,"log_type":"token"}', '2024-03-18 02:33:14.487335+00', ''),
	('00000000-0000-0000-0000-000000000000', 'f7433e5e-2e18-4a7f-af93-6fab7714563a', '{"action":"logout","actor_id":"ed2c2646-7fa9-4b56-bde1-5519b5d562f5","actor_username":"necomedezpalaylay@gmail.com","actor_via_sso":false,"log_type":"account"}', '2024-03-18 02:59:40.550106+00', ''),
	('00000000-0000-0000-0000-000000000000', '68b9d28c-42ad-44e6-9c26-898b113be71a', '{"action":"logout","actor_id":"c155c238-e122-46ee-9271-bd650c044fb3","actor_username":"test@gmail.com","actor_via_sso":false,"log_type":"account"}', '2024-03-19 02:41:39.212228+00', ''),
	('00000000-0000-0000-0000-000000000000', '797875ee-545f-4dec-a017-e8a4a0676cd7', '{"action":"logout","actor_id":"c155c238-e122-46ee-9271-bd650c044fb3","actor_username":"test@gmail.com","actor_via_sso":false,"log_type":"account"}', '2024-03-19 02:45:40.445079+00', ''),
	('00000000-0000-0000-0000-000000000000', '8720c727-897a-4425-b2bf-74be9203e7a6', '{"action":"logout","actor_id":"c155c238-e122-46ee-9271-bd650c044fb3","actor_username":"test@gmail.com","actor_via_sso":false,"log_type":"account"}', '2024-03-19 02:46:50.112615+00', ''),
	('00000000-0000-0000-0000-000000000000', '17321904-5c83-40ce-9165-06f9315efa7b', '{"action":"login","actor_id":"c155c238-e122-46ee-9271-bd650c044fb3","actor_username":"test@gmail.com","actor_via_sso":false,"log_type":"account","traits":{"provider":"email"}}', '2024-03-19 02:47:50.500942+00', ''),
	('00000000-0000-0000-0000-000000000000', 'b8fd7525-c82a-44eb-9fa3-c7d7523cb294', '{"action":"logout","actor_id":"c155c238-e122-46ee-9271-bd650c044fb3","actor_username":"test@gmail.com","actor_via_sso":false,"log_type":"account"}', '2024-03-19 02:48:08.984166+00', ''),
	('00000000-0000-0000-0000-000000000000', '9aa13cf8-6047-40d1-8be1-6380e41edd81', '{"action":"login","actor_id":"c155c238-e122-46ee-9271-bd650c044fb3","actor_username":"test@gmail.com","actor_via_sso":false,"log_type":"account","traits":{"provider":"email"}}', '2024-03-19 02:48:35.0662+00', ''),
	('00000000-0000-0000-0000-000000000000', '23d3c58e-a836-41ca-bc6a-11f75af5f639', '{"action":"logout","actor_id":"c155c238-e122-46ee-9271-bd650c044fb3","actor_username":"test@gmail.com","actor_via_sso":false,"log_type":"account"}', '2024-03-19 03:16:07.871702+00', ''),
	('00000000-0000-0000-0000-000000000000', 'ceaa5a7e-2152-4f4c-b28c-a522a3e93019', '{"action":"login","actor_id":"c155c238-e122-46ee-9271-bd650c044fb3","actor_username":"test@gmail.com","actor_via_sso":false,"log_type":"account","traits":{"provider":"email"}}', '2024-03-19 03:16:25.211858+00', ''),
	('00000000-0000-0000-0000-000000000000', '0f204031-7134-4673-b3d5-bfc4e22bfae4', '{"action":"login","actor_id":"ed2c2646-7fa9-4b56-bde1-5519b5d562f5","actor_username":"necomedezpalaylay@gmail.com","actor_via_sso":false,"log_type":"account","traits":{"provider":"email"}}', '2024-03-19 07:09:35.629683+00', ''),
	('00000000-0000-0000-0000-000000000000', '0b249ceb-cd11-47c3-8c31-bb6eac7c2a15', '{"action":"logout","actor_id":"ed2c2646-7fa9-4b56-bde1-5519b5d562f5","actor_username":"necomedezpalaylay@gmail.com","actor_via_sso":false,"log_type":"account"}', '2024-03-19 07:09:35.654179+00', ''),
	('00000000-0000-0000-0000-000000000000', 'b2666011-7e46-451e-bb53-9fd3acbba36a', '{"action":"login","actor_id":"ed2c2646-7fa9-4b56-bde1-5519b5d562f5","actor_username":"necomedezpalaylay@gmail.com","actor_via_sso":false,"log_type":"account","traits":{"provider":"email"}}', '2024-03-19 07:10:01.664147+00', ''),
	('00000000-0000-0000-0000-000000000000', '321e53b4-1e27-4038-b27a-9362cb5d1f07', '{"action":"logout","actor_id":"ed2c2646-7fa9-4b56-bde1-5519b5d562f5","actor_username":"necomedezpalaylay@gmail.com","actor_via_sso":false,"log_type":"account"}', '2024-03-19 07:10:01.678585+00', ''),
	('00000000-0000-0000-0000-000000000000', 'ecefe2be-241f-4e54-98b2-660332b3ff83', '{"action":"login","actor_id":"ed2c2646-7fa9-4b56-bde1-5519b5d562f5","actor_username":"necomedezpalaylay@gmail.com","actor_via_sso":false,"log_type":"account","traits":{"provider":"email"}}', '2024-03-19 07:10:02.331559+00', ''),
	('00000000-0000-0000-0000-000000000000', 'b0d92f8f-32e1-4692-95b7-cd1dec68526e', '{"action":"logout","actor_id":"ed2c2646-7fa9-4b56-bde1-5519b5d562f5","actor_username":"necomedezpalaylay@gmail.com","actor_via_sso":false,"log_type":"account"}', '2024-03-19 07:10:02.350363+00', ''),
	('00000000-0000-0000-0000-000000000000', '36d803f1-26c7-4191-b7d9-bad003509c44', '{"action":"login","actor_id":"ed2c2646-7fa9-4b56-bde1-5519b5d562f5","actor_username":"necomedezpalaylay@gmail.com","actor_via_sso":false,"log_type":"account","traits":{"provider":"email"}}', '2024-03-19 07:10:02.735859+00', ''),
	('00000000-0000-0000-0000-000000000000', '1756b51f-8be5-4ea0-822f-116a529f72bd', '{"action":"logout","actor_id":"ed2c2646-7fa9-4b56-bde1-5519b5d562f5","actor_username":"necomedezpalaylay@gmail.com","actor_via_sso":false,"log_type":"account"}', '2024-03-19 07:10:02.754757+00', ''),
	('00000000-0000-0000-0000-000000000000', 'fadd8829-e387-4ead-80a6-0e1fd9c6aa11', '{"action":"login","actor_id":"ed2c2646-7fa9-4b56-bde1-5519b5d562f5","actor_username":"necomedezpalaylay@gmail.com","actor_via_sso":false,"log_type":"account","traits":{"provider":"email"}}', '2024-03-19 07:10:02.902092+00', ''),
	('00000000-0000-0000-0000-000000000000', '17389e15-3636-44ae-9080-11b9466eb72e', '{"action":"logout","actor_id":"ed2c2646-7fa9-4b56-bde1-5519b5d562f5","actor_username":"necomedezpalaylay@gmail.com","actor_via_sso":false,"log_type":"account"}', '2024-03-19 07:10:02.914437+00', ''),
	('00000000-0000-0000-0000-000000000000', 'ce993e73-cbde-4482-8a75-9b766e8ff82e', '{"action":"login","actor_id":"ed2c2646-7fa9-4b56-bde1-5519b5d562f5","actor_username":"necomedezpalaylay@gmail.com","actor_via_sso":false,"log_type":"account","traits":{"provider":"email"}}', '2024-03-19 07:10:03.024095+00', ''),
	('00000000-0000-0000-0000-000000000000', '931593f3-61dc-4ab4-9f0e-078e80b9b512', '{"action":"logout","actor_id":"ed2c2646-7fa9-4b56-bde1-5519b5d562f5","actor_username":"necomedezpalaylay@gmail.com","actor_via_sso":false,"log_type":"account"}', '2024-03-19 07:10:03.041232+00', ''),
	('00000000-0000-0000-0000-000000000000', 'a36f66de-48ab-49d0-9aa3-c21077cf144e', '{"action":"login","actor_id":"ed2c2646-7fa9-4b56-bde1-5519b5d562f5","actor_username":"necomedezpalaylay@gmail.com","actor_via_sso":false,"log_type":"account","traits":{"provider":"email"}}', '2024-03-19 07:10:03.156115+00', ''),
	('00000000-0000-0000-0000-000000000000', '7be09033-fa83-4179-ab42-a053961e9e59', '{"action":"logout","actor_id":"ed2c2646-7fa9-4b56-bde1-5519b5d562f5","actor_username":"necomedezpalaylay@gmail.com","actor_via_sso":false,"log_type":"account"}', '2024-03-19 07:10:03.168123+00', ''),
	('00000000-0000-0000-0000-000000000000', '079e1fef-2b7c-477a-9728-405f36128f20', '{"action":"login","actor_id":"ed2c2646-7fa9-4b56-bde1-5519b5d562f5","actor_username":"necomedezpalaylay@gmail.com","actor_via_sso":false,"log_type":"account","traits":{"provider":"email"}}', '2024-03-19 07:10:06.387891+00', ''),
	('00000000-0000-0000-0000-000000000000', '96263aeb-962f-43fd-8150-8ca25b96b1ab', '{"action":"logout","actor_id":"ed2c2646-7fa9-4b56-bde1-5519b5d562f5","actor_username":"necomedezpalaylay@gmail.com","actor_via_sso":false,"log_type":"account"}', '2024-03-19 07:10:06.405884+00', ''),
	('00000000-0000-0000-0000-000000000000', '0bd10331-0ce2-4fb3-a962-f86a202ed4ca', '{"action":"user_signedup","actor_id":"00000000-0000-0000-0000-000000000000","actor_username":"service_role","actor_via_sso":false,"log_type":"team","traits":{"user_email":"johnrygabertan@gmail.com","user_id":"c3d0a04c-a8f1-45f7-a109-3f669d228e47","user_phone":""}}', '2024-03-17 08:52:21.954873+00', ''),
	('00000000-0000-0000-0000-000000000000', 'c3ee6295-ec75-4393-99f5-b387862fe06a', '{"action":"user_signedup","actor_id":"00000000-0000-0000-0000-000000000000","actor_username":"service_role","actor_via_sso":false,"log_type":"team","traits":{"user_email":"jimmyfabro@gmail.com","user_id":"406e8740-bf68-4b25-9670-b963457182db","user_phone":""}}', '2024-03-17 08:52:21.986646+00', ''),
	('00000000-0000-0000-0000-000000000000', '25469d40-7be2-40ee-81db-53f2d09ac88e', '{"action":"user_signedup","actor_id":"00000000-0000-0000-0000-000000000000","actor_username":"service_role","actor_via_sso":false,"log_type":"team","traits":{"user_email":"hernardfajardo@gmail.com","user_id":"c95acb0c-f80b-4268-8f41-a59b9ab5f7fc","user_phone":""}}', '2024-03-17 08:52:22.026996+00', ''),
	('00000000-0000-0000-0000-000000000000', 'c70cad3f-6220-4b86-a988-c87ade2b7b82', '{"action":"login","actor_id":"ed2c2646-7fa9-4b56-bde1-5519b5d562f5","actor_username":"necomedezpalaylay@gmail.com","actor_via_sso":false,"log_type":"account","traits":{"provider":"email"}}', '2024-03-19 07:10:07.770187+00', ''),
	('00000000-0000-0000-0000-000000000000', '42456da1-f9a5-4479-bea9-9ae8d8502703', '{"action":"logout","actor_id":"ed2c2646-7fa9-4b56-bde1-5519b5d562f5","actor_username":"necomedezpalaylay@gmail.com","actor_via_sso":false,"log_type":"account"}', '2024-03-19 07:10:07.783534+00', ''),
	('00000000-0000-0000-0000-000000000000', '8866fa41-dcab-4ffe-a46e-e40bec662473', '{"action":"login","actor_id":"ed2c2646-7fa9-4b56-bde1-5519b5d562f5","actor_username":"necomedezpalaylay@gmail.com","actor_via_sso":false,"log_type":"account","traits":{"provider":"email"}}', '2024-03-19 07:10:08.970259+00', ''),
	('00000000-0000-0000-0000-000000000000', '911b6cbd-cca6-4966-9c2f-f2df0aaa8cbe', '{"action":"logout","actor_id":"ed2c2646-7fa9-4b56-bde1-5519b5d562f5","actor_username":"necomedezpalaylay@gmail.com","actor_via_sso":false,"log_type":"account"}', '2024-03-19 07:10:08.988018+00', ''),
	('00000000-0000-0000-0000-000000000000', 'b6af2c09-6053-40ac-a0d3-090a94b3d3d7', '{"action":"login","actor_id":"ed2c2646-7fa9-4b56-bde1-5519b5d562f5","actor_username":"necomedezpalaylay@gmail.com","actor_via_sso":false,"log_type":"account","traits":{"provider":"email"}}', '2024-03-19 07:14:01.785871+00', ''),
	('00000000-0000-0000-0000-000000000000', '3551bbaa-fd1c-497d-88ea-1f612aec5044', '{"action":"logout","actor_id":"ed2c2646-7fa9-4b56-bde1-5519b5d562f5","actor_username":"necomedezpalaylay@gmail.com","actor_via_sso":false,"log_type":"account"}', '2024-03-19 07:14:01.814778+00', ''),
	('00000000-0000-0000-0000-000000000000', '98109857-270c-440c-aab0-c6e3a9fc600a', '{"action":"login","actor_id":"2cb342a3-08a6-455c-8cc0-88eafe0cde21","actor_username":"superadmin@urdaneta.gov.ph","actor_via_sso":false,"log_type":"account","traits":{"provider":"email"}}', '2024-03-19 07:14:27.998583+00', ''),
	('00000000-0000-0000-0000-000000000000', 'a7a7040e-92cc-460d-af5b-e5a4510b6aa5', '{"action":"logout","actor_id":"2cb342a3-08a6-455c-8cc0-88eafe0cde21","actor_username":"superadmin@urdaneta.gov.ph","actor_via_sso":false,"log_type":"account"}', '2024-03-19 07:14:28.014863+00', ''),
	('00000000-0000-0000-0000-000000000000', '1d791227-9c22-40f9-bfb1-6ee89607b978', '{"action":"login","actor_id":"2cb342a3-08a6-455c-8cc0-88eafe0cde21","actor_username":"superadmin@urdaneta.gov.ph","actor_via_sso":false,"log_type":"account","traits":{"provider":"email"}}', '2024-03-19 07:15:52.971805+00', ''),
	('00000000-0000-0000-0000-000000000000', '9661cdda-52ec-446c-9ff8-3395b0afe56f', '{"action":"logout","actor_id":"2cb342a3-08a6-455c-8cc0-88eafe0cde21","actor_username":"superadmin@urdaneta.gov.ph","actor_via_sso":false,"log_type":"account"}', '2024-03-19 07:16:01.428846+00', ''),
	('00000000-0000-0000-0000-000000000000', 'b7af49d9-ea78-4bb7-8573-06e437c58e55', '{"action":"login","actor_id":"7c924ba8-a8c1-4324-989e-641acdfb185f","actor_username":"rochelleevaristo@urdaneta.gov.ph","actor_via_sso":false,"log_type":"account","traits":{"provider":"email"}}', '2024-03-19 07:16:23.747189+00', ''),
	('00000000-0000-0000-0000-000000000000', 'bc2486df-9a22-4e2e-80e1-16ba1fd5d7fc', '{"action":"logout","actor_id":"7c924ba8-a8c1-4324-989e-641acdfb185f","actor_username":"rochelleevaristo@urdaneta.gov.ph","actor_via_sso":false,"log_type":"account"}', '2024-03-19 07:16:23.76112+00', ''),
	('00000000-0000-0000-0000-000000000000', '0ec693d9-276c-4aee-82c2-aa607dc1298d', '{"action":"login","actor_id":"7c924ba8-a8c1-4324-989e-641acdfb185f","actor_username":"rochelleevaristo@urdaneta.gov.ph","actor_via_sso":false,"log_type":"account","traits":{"provider":"email"}}', '2024-03-19 07:16:57.712633+00', ''),
	('00000000-0000-0000-0000-000000000000', '5d340f90-e475-4dc6-82ea-87ea0bb6ee85', '{"action":"logout","actor_id":"7c924ba8-a8c1-4324-989e-641acdfb185f","actor_username":"rochelleevaristo@urdaneta.gov.ph","actor_via_sso":false,"log_type":"account"}', '2024-03-19 07:16:59.541194+00', ''),
	('00000000-0000-0000-0000-000000000000', '2151dec0-8b21-47c7-a1df-2e9efffd3d7e', '{"action":"login","actor_id":"ed2c2646-7fa9-4b56-bde1-5519b5d562f5","actor_username":"necomedezpalaylay@gmail.com","actor_via_sso":false,"log_type":"account","traits":{"provider":"email"}}', '2024-03-19 07:17:03.442452+00', ''),
	('00000000-0000-0000-0000-000000000000', '78d5823b-a389-41dc-bb7c-d8264e031a30', '{"action":"logout","actor_id":"ed2c2646-7fa9-4b56-bde1-5519b5d562f5","actor_username":"necomedezpalaylay@gmail.com","actor_via_sso":false,"log_type":"account"}', '2024-03-19 07:17:03.455661+00', ''),
	('00000000-0000-0000-0000-000000000000', '8347cfa7-987e-43bb-8a69-fac0bb1d1333', '{"action":"login","actor_id":"ed2c2646-7fa9-4b56-bde1-5519b5d562f5","actor_username":"necomedezpalaylay@gmail.com","actor_via_sso":false,"log_type":"account","traits":{"provider":"email"}}', '2024-03-19 07:17:27.886564+00', ''),
	('00000000-0000-0000-0000-000000000000', 'f474980c-dcd1-44b9-ba5c-41b821a07375', '{"action":"logout","actor_id":"ed2c2646-7fa9-4b56-bde1-5519b5d562f5","actor_username":"necomedezpalaylay@gmail.com","actor_via_sso":false,"log_type":"account"}', '2024-03-19 07:17:27.904878+00', ''),
	('00000000-0000-0000-0000-000000000000', '1d47bb08-c49f-400a-883e-ce79dcd49592', '{"action":"login","actor_id":"ed2c2646-7fa9-4b56-bde1-5519b5d562f5","actor_username":"necomedezpalaylay@gmail.com","actor_via_sso":false,"log_type":"account","traits":{"provider":"email"}}', '2024-03-19 07:17:28.590264+00', ''),
	('00000000-0000-0000-0000-000000000000', '389d74e2-01d7-4e3a-abe0-8719a7f53339', '{"action":"logout","actor_id":"ed2c2646-7fa9-4b56-bde1-5519b5d562f5","actor_username":"necomedezpalaylay@gmail.com","actor_via_sso":false,"log_type":"account"}', '2024-03-19 07:17:28.607872+00', ''),
	('00000000-0000-0000-0000-000000000000', '7c19ed3d-d8dc-428b-9766-f9387355510a', '{"action":"login","actor_id":"ed2c2646-7fa9-4b56-bde1-5519b5d562f5","actor_username":"necomedezpalaylay@gmail.com","actor_via_sso":false,"log_type":"account","traits":{"provider":"email"}}', '2024-03-19 07:22:58.809325+00', ''),
	('00000000-0000-0000-0000-000000000000', 'f07738af-9d95-40de-a431-d95d751edf90', '{"action":"logout","actor_id":"ed2c2646-7fa9-4b56-bde1-5519b5d562f5","actor_username":"necomedezpalaylay@gmail.com","actor_via_sso":false,"log_type":"account"}', '2024-03-19 07:24:20.366165+00', ''),
	('00000000-0000-0000-0000-000000000000', '4c3be3f5-baf9-405e-b5b9-a233b2ec08fe', '{"action":"login","actor_id":"ed2c2646-7fa9-4b56-bde1-5519b5d562f5","actor_username":"necomedezpalaylay@gmail.com","actor_via_sso":false,"log_type":"account","traits":{"provider":"email"}}', '2024-03-19 07:24:24.235965+00', ''),
	('00000000-0000-0000-0000-000000000000', '83ce9c0b-1fc1-4e43-8009-cf9bb511dec7', '{"action":"logout","actor_id":"ed2c2646-7fa9-4b56-bde1-5519b5d562f5","actor_username":"necomedezpalaylay@gmail.com","actor_via_sso":false,"log_type":"account"}', '2024-03-19 07:24:35.399086+00', ''),
	('00000000-0000-0000-0000-000000000000', 'b2d693b4-5086-4028-809d-f85dd5cfbd2b', '{"action":"login","actor_id":"ed2c2646-7fa9-4b56-bde1-5519b5d562f5","actor_username":"necomedezpalaylay@gmail.com","actor_via_sso":false,"log_type":"account","traits":{"provider":"email"}}', '2024-03-19 07:24:39.81199+00', ''),
	('00000000-0000-0000-0000-000000000000', 'e83b46dc-e4f2-4f9d-acce-af3d597576ec', '{"action":"logout","actor_id":"ed2c2646-7fa9-4b56-bde1-5519b5d562f5","actor_username":"necomedezpalaylay@gmail.com","actor_via_sso":false,"log_type":"account"}', '2024-03-19 07:24:53.94588+00', ''),
	('00000000-0000-0000-0000-000000000000', '784cde20-ad33-4dcf-bb15-6a179c108492', '{"action":"login","actor_id":"ed2c2646-7fa9-4b56-bde1-5519b5d562f5","actor_username":"necomedezpalaylay@gmail.com","actor_via_sso":false,"log_type":"account","traits":{"provider":"email"}}', '2024-03-19 07:24:57.897854+00', ''),
	('00000000-0000-0000-0000-000000000000', '1c7427e1-4483-4a33-a391-b3b4b31aab4d', '{"action":"user_signedup","actor_id":"00000000-0000-0000-0000-000000000000","actor_username":"service_role","actor_via_sso":false,"log_type":"team","traits":{"user_email":"jovanitani@gmail.com","user_id":"2ab68b13-3d2e-43b0-9bdf-84b7ac485a73","user_phone":""}}', '2024-03-17 08:52:21.963462+00', ''),
	('00000000-0000-0000-0000-000000000000', '94371758-500c-4aad-9cdb-049d20df5354', '{"action":"user_signedup","actor_id":"00000000-0000-0000-0000-000000000000","actor_username":"service_role","actor_via_sso":false,"log_type":"team","traits":{"user_email":"juliustabion@gmail.com","user_id":"89326cd7-58c5-4d54-9ba7-d3f9c767c77e","user_phone":""}}', '2024-03-17 08:52:22.039182+00', ''),
	('00000000-0000-0000-0000-000000000000', 'd0c7ebf3-804d-4905-aa33-6aaece9da1a9', '{"action":"logout","actor_id":"ed2c2646-7fa9-4b56-bde1-5519b5d562f5","actor_username":"necomedezpalaylay@gmail.com","actor_via_sso":false,"log_type":"account"}', '2024-03-19 07:25:04.92953+00', ''),
	('00000000-0000-0000-0000-000000000000', '2bf02f4d-6353-472a-98e1-7353bf9b1ef9', '{"action":"login","actor_id":"ed2c2646-7fa9-4b56-bde1-5519b5d562f5","actor_username":"necomedezpalaylay@gmail.com","actor_via_sso":false,"log_type":"account","traits":{"provider":"email"}}', '2024-03-19 07:25:08.843268+00', ''),
	('00000000-0000-0000-0000-000000000000', '2e88c6ee-b189-4038-b226-7df79156859d', '{"action":"user_signedup","actor_id":"00000000-0000-0000-0000-000000000000","actor_username":"service_role","actor_via_sso":false,"log_type":"team","traits":{"user_email":"joelcacatian@gmail.com","user_id":"bda8f445-5d77-4911-aa03-46090759bcb2","user_phone":""}}', '2024-03-17 08:52:21.900796+00', ''),
	('00000000-0000-0000-0000-000000000000', '50ba4dd0-6e80-42d5-b31a-bbc670382dce', '{"action":"user_signedup","actor_id":"00000000-0000-0000-0000-000000000000","actor_username":"service_role","actor_via_sso":false,"log_type":"team","traits":{"user_email":"albertsunga@gmail.com","user_id":"7cf1a44b-0fdc-461c-89b7-5bb4599fbde1","user_phone":""}}', '2024-03-17 08:52:22.04075+00', ''),
	('00000000-0000-0000-0000-000000000000', '88b90f8a-0105-45b6-be1f-83447bf3133b', '{"action":"logout","actor_id":"ed2c2646-7fa9-4b56-bde1-5519b5d562f5","actor_username":"necomedezpalaylay@gmail.com","actor_via_sso":false,"log_type":"account"}', '2024-03-19 07:26:08.633191+00', ''),
	('00000000-0000-0000-0000-000000000000', '2c17cc17-64aa-4c40-95b7-0b94fcc9bece', '{"action":"login","actor_id":"ed2c2646-7fa9-4b56-bde1-5519b5d562f5","actor_username":"necomedezpalaylay@gmail.com","actor_via_sso":false,"log_type":"account","traits":{"provider":"email"}}', '2024-03-19 07:26:13.160736+00', ''),
	('00000000-0000-0000-0000-000000000000', '19ae290b-00ba-435f-8bdd-ab1d3c1e27fb', '{"action":"logout","actor_id":"ed2c2646-7fa9-4b56-bde1-5519b5d562f5","actor_username":"necomedezpalaylay@gmail.com","actor_via_sso":false,"log_type":"account"}', '2024-03-19 07:26:42.485031+00', ''),
	('00000000-0000-0000-0000-000000000000', 'b59ebf1e-bf24-4669-9551-b8c908c89add', '{"action":"login","actor_id":"ed2c2646-7fa9-4b56-bde1-5519b5d562f5","actor_username":"necomedezpalaylay@gmail.com","actor_via_sso":false,"log_type":"account","traits":{"provider":"email"}}', '2024-03-19 07:26:46.435996+00', ''),
	('00000000-0000-0000-0000-000000000000', 'a0960441-ba45-4120-b73c-17e549d76533', '{"action":"logout","actor_id":"ed2c2646-7fa9-4b56-bde1-5519b5d562f5","actor_username":"necomedezpalaylay@gmail.com","actor_via_sso":false,"log_type":"account"}', '2024-03-19 07:27:28.240845+00', ''),
	('00000000-0000-0000-0000-000000000000', 'e071c91d-fd01-4c77-b66d-fc8ea63d065b', '{"action":"login","actor_id":"ed2c2646-7fa9-4b56-bde1-5519b5d562f5","actor_username":"necomedezpalaylay@gmail.com","actor_via_sso":false,"log_type":"account","traits":{"provider":"email"}}', '2024-03-19 07:27:34.630807+00', ''),
	('00000000-0000-0000-0000-000000000000', '951bb0cd-4861-435f-a412-c7f9a7f9672e', '{"action":"logout","actor_id":"ed2c2646-7fa9-4b56-bde1-5519b5d562f5","actor_username":"necomedezpalaylay@gmail.com","actor_via_sso":false,"log_type":"account"}', '2024-03-19 07:28:18.006632+00', ''),
	('00000000-0000-0000-0000-000000000000', '9980b6c5-465c-4c7e-a93d-664c271e2789', '{"action":"login","actor_id":"ed2c2646-7fa9-4b56-bde1-5519b5d562f5","actor_username":"necomedezpalaylay@gmail.com","actor_via_sso":false,"log_type":"account","traits":{"provider":"email"}}', '2024-03-19 07:28:21.470433+00', ''),
	('00000000-0000-0000-0000-000000000000', 'd3f69b93-f1b8-4050-b961-6da92e483071', '{"action":"logout","actor_id":"ed2c2646-7fa9-4b56-bde1-5519b5d562f5","actor_username":"necomedezpalaylay@gmail.com","actor_via_sso":false,"log_type":"account"}', '2024-03-19 07:28:46.904677+00', ''),
	('00000000-0000-0000-0000-000000000000', 'd39e4f78-03b3-4d34-a576-19adf629b62e', '{"action":"login","actor_id":"ed2c2646-7fa9-4b56-bde1-5519b5d562f5","actor_username":"necomedezpalaylay@gmail.com","actor_via_sso":false,"log_type":"account","traits":{"provider":"email"}}', '2024-03-19 07:28:51.121755+00', ''),
	('00000000-0000-0000-0000-000000000000', '3d757aad-e5c4-4975-b83a-8d881fca33c5', '{"action":"logout","actor_id":"ed2c2646-7fa9-4b56-bde1-5519b5d562f5","actor_username":"necomedezpalaylay@gmail.com","actor_via_sso":false,"log_type":"account"}', '2024-03-19 08:05:48.97821+00', ''),
	('00000000-0000-0000-0000-000000000000', '3d3d098d-27bb-4d9d-8030-2ae114c83165', '{"action":"login","actor_id":"ed2c2646-7fa9-4b56-bde1-5519b5d562f5","actor_username":"necomedezpalaylay@gmail.com","actor_via_sso":false,"log_type":"account","traits":{"provider":"email"}}', '2024-03-19 08:05:55.603801+00', ''),
	('00000000-0000-0000-0000-000000000000', 'e4ecd55d-5e42-4aeb-919a-c2fff6f3ed7d', '{"action":"logout","actor_id":"ed2c2646-7fa9-4b56-bde1-5519b5d562f5","actor_username":"necomedezpalaylay@gmail.com","actor_via_sso":false,"log_type":"account"}', '2024-03-19 08:06:47.398306+00', ''),
	('00000000-0000-0000-0000-000000000000', '0b5f5b3c-1ddb-4973-8c25-27467a748521', '{"action":"login","actor_id":"ed2c2646-7fa9-4b56-bde1-5519b5d562f5","actor_username":"necomedezpalaylay@gmail.com","actor_via_sso":false,"log_type":"account","traits":{"provider":"email"}}', '2024-03-19 08:06:51.915542+00', ''),
	('00000000-0000-0000-0000-000000000000', '218fd6c6-dd02-4402-a0e5-6d22b2914f07', '{"action":"logout","actor_id":"ed2c2646-7fa9-4b56-bde1-5519b5d562f5","actor_username":"necomedezpalaylay@gmail.com","actor_via_sso":false,"log_type":"account"}', '2024-03-19 08:09:32.565101+00', ''),
	('00000000-0000-0000-0000-000000000000', 'be1c82a2-5564-4e89-933d-96b94414a320', '{"action":"login","actor_id":"ed2c2646-7fa9-4b56-bde1-5519b5d562f5","actor_username":"necomedezpalaylay@gmail.com","actor_via_sso":false,"log_type":"account","traits":{"provider":"email"}}', '2024-03-19 08:09:36.409476+00', ''),
	('00000000-0000-0000-0000-000000000000', 'f66e0388-3d24-4fbb-8def-2785e97147c5', '{"action":"logout","actor_id":"ed2c2646-7fa9-4b56-bde1-5519b5d562f5","actor_username":"necomedezpalaylay@gmail.com","actor_via_sso":false,"log_type":"account"}', '2024-03-19 08:09:36.417125+00', ''),
	('00000000-0000-0000-0000-000000000000', 'c99beda5-e6bb-4f91-aa6d-24a6a1386517', '{"action":"login","actor_id":"2cb342a3-08a6-455c-8cc0-88eafe0cde21","actor_username":"superadmin@urdaneta.gov.ph","actor_via_sso":false,"log_type":"account","traits":{"provider":"email"}}', '2024-03-19 08:09:44.764842+00', ''),
	('00000000-0000-0000-0000-000000000000', '2bef2331-51fd-4b44-b3ce-bf2b359e55b4', '{"action":"logout","actor_id":"2cb342a3-08a6-455c-8cc0-88eafe0cde21","actor_username":"superadmin@urdaneta.gov.ph","actor_via_sso":false,"log_type":"account"}', '2024-03-19 08:09:44.776689+00', ''),
	('00000000-0000-0000-0000-000000000000', '7d775d48-6443-4e2c-8915-c8d83af334bd', '{"action":"login","actor_id":"2cb342a3-08a6-455c-8cc0-88eafe0cde21","actor_username":"superadmin@urdaneta.gov.ph","actor_via_sso":false,"log_type":"account","traits":{"provider":"email"}}', '2024-03-19 08:10:13.902503+00', ''),
	('00000000-0000-0000-0000-000000000000', '163b2b57-1027-4cc3-88c5-7ac66ddf9092', '{"action":"logout","actor_id":"2cb342a3-08a6-455c-8cc0-88eafe0cde21","actor_username":"superadmin@urdaneta.gov.ph","actor_via_sso":false,"log_type":"account"}', '2024-03-19 08:10:13.909813+00', ''),
	('00000000-0000-0000-0000-000000000000', '8503fbe6-ca95-4bfc-8c63-a5b6f9360b26', '{"action":"login","actor_id":"2cb342a3-08a6-455c-8cc0-88eafe0cde21","actor_username":"superadmin@urdaneta.gov.ph","actor_via_sso":false,"log_type":"account","traits":{"provider":"email"}}', '2024-03-19 08:10:44.987607+00', ''),
	('00000000-0000-0000-0000-000000000000', 'f97d376d-3009-4f15-94be-3f12f985bc54', '{"action":"logout","actor_id":"2cb342a3-08a6-455c-8cc0-88eafe0cde21","actor_username":"superadmin@urdaneta.gov.ph","actor_via_sso":false,"log_type":"account"}', '2024-03-19 08:12:27.762167+00', ''),
	('00000000-0000-0000-0000-000000000000', '58fae206-19e1-4001-824d-a8f2df7c6a71', '{"action":"login","actor_id":"ed2c2646-7fa9-4b56-bde1-5519b5d562f5","actor_username":"necomedezpalaylay@gmail.com","actor_via_sso":false,"log_type":"account","traits":{"provider":"email"}}', '2024-03-19 08:16:32.886838+00', ''),
	('00000000-0000-0000-0000-000000000000', '21bbbf45-7350-4002-bec8-89d927c8027d', '{"action":"logout","actor_id":"ed2c2646-7fa9-4b56-bde1-5519b5d562f5","actor_username":"necomedezpalaylay@gmail.com","actor_via_sso":false,"log_type":"account"}', '2024-03-19 08:16:32.911723+00', ''),
	('00000000-0000-0000-0000-000000000000', '8eb41c7d-a6cd-4031-b5e3-d8492619a793', '{"action":"login","actor_id":"ed2c2646-7fa9-4b56-bde1-5519b5d562f5","actor_username":"necomedezpalaylay@gmail.com","actor_via_sso":false,"log_type":"account","traits":{"provider":"email"}}', '2024-03-19 08:19:15.558412+00', ''),
	('00000000-0000-0000-0000-000000000000', 'a613317d-fd5c-4357-b876-179b1d4bda07', '{"action":"logout","actor_id":"ed2c2646-7fa9-4b56-bde1-5519b5d562f5","actor_username":"necomedezpalaylay@gmail.com","actor_via_sso":false,"log_type":"account"}', '2024-03-19 08:19:15.583347+00', ''),
	('00000000-0000-0000-0000-000000000000', 'f8cf4e46-bc49-4970-8fb2-1c62feb550af', '{"action":"login","actor_id":"ed2c2646-7fa9-4b56-bde1-5519b5d562f5","actor_username":"necomedezpalaylay@gmail.com","actor_via_sso":false,"log_type":"account","traits":{"provider":"email"}}', '2024-03-19 08:19:43.501746+00', ''),
	('00000000-0000-0000-0000-000000000000', '8b787dc5-d8f2-44a0-8638-edc7c16e8729', '{"action":"logout","actor_id":"ed2c2646-7fa9-4b56-bde1-5519b5d562f5","actor_username":"necomedezpalaylay@gmail.com","actor_via_sso":false,"log_type":"account"}', '2024-03-19 08:19:43.528124+00', ''),
	('00000000-0000-0000-0000-000000000000', '0b2f1558-a127-4656-bb3c-b41c8f2ca9f4', '{"action":"user_signedup","actor_id":"00000000-0000-0000-0000-000000000000","actor_username":"service_role","actor_via_sso":false,"log_type":"team","traits":{"user_email":"ronilolapena@gmail.com","user_id":"71d218f7-2499-4993-ac6a-bc8212a2741c","user_phone":""}}', '2024-03-17 08:52:21.9664+00', ''),
	('00000000-0000-0000-0000-000000000000', '6134891c-b43b-4666-9bde-7cfbc17745d9', '{"action":"user_signedup","actor_id":"00000000-0000-0000-0000-000000000000","actor_username":"service_role","actor_via_sso":false,"log_type":"team","traits":{"user_email":"ildefonsodumpit@gmail.com","user_id":"da0b33fc-e1d2-412a-9986-70aa78b964c7","user_phone":""}}', '2024-03-17 08:52:22.045404+00', ''),
	('00000000-0000-0000-0000-000000000000', '68b2a41c-948e-4937-9d8f-3d0708845b2a', '{"action":"login","actor_id":"ed2c2646-7fa9-4b56-bde1-5519b5d562f5","actor_username":"necomedezpalaylay@gmail.com","actor_via_sso":false,"log_type":"account","traits":{"provider":"email"}}', '2024-03-19 08:21:05.326343+00', ''),
	('00000000-0000-0000-0000-000000000000', '6aeb9770-6a2c-4c6e-83d5-e69d0fe4b3cc', '{"action":"logout","actor_id":"ed2c2646-7fa9-4b56-bde1-5519b5d562f5","actor_username":"necomedezpalaylay@gmail.com","actor_via_sso":false,"log_type":"account"}', '2024-03-19 08:21:05.358675+00', ''),
	('00000000-0000-0000-0000-000000000000', 'c908708c-7e9f-42fb-bc75-efda31a7d1e6', '{"action":"login","actor_id":"ed2c2646-7fa9-4b56-bde1-5519b5d562f5","actor_username":"necomedezpalaylay@gmail.com","actor_via_sso":false,"log_type":"account","traits":{"provider":"email"}}', '2024-03-19 08:22:04.874704+00', ''),
	('00000000-0000-0000-0000-000000000000', 'bf65961a-8a22-4fed-a6f2-0acff981e84f', '{"action":"logout","actor_id":"ed2c2646-7fa9-4b56-bde1-5519b5d562f5","actor_username":"necomedezpalaylay@gmail.com","actor_via_sso":false,"log_type":"account"}', '2024-03-19 08:22:04.901141+00', ''),
	('00000000-0000-0000-0000-000000000000', 'fc67cf3f-37c4-4e5b-bcee-e63a12df0433', '{"action":"login","actor_id":"ed2c2646-7fa9-4b56-bde1-5519b5d562f5","actor_username":"necomedezpalaylay@gmail.com","actor_via_sso":false,"log_type":"account","traits":{"provider":"email"}}', '2024-03-19 08:25:03.98581+00', ''),
	('00000000-0000-0000-0000-000000000000', '1631fa13-9c54-44cf-983e-7a4e30935ab4', '{"action":"logout","actor_id":"ed2c2646-7fa9-4b56-bde1-5519b5d562f5","actor_username":"necomedezpalaylay@gmail.com","actor_via_sso":false,"log_type":"account"}', '2024-03-19 08:25:04.018949+00', ''),
	('00000000-0000-0000-0000-000000000000', '7d637280-4c5a-4a4e-b0f7-b4feeb39fdda', '{"action":"login","actor_id":"ed2c2646-7fa9-4b56-bde1-5519b5d562f5","actor_username":"necomedezpalaylay@gmail.com","actor_via_sso":false,"log_type":"account","traits":{"provider":"email"}}', '2024-03-19 08:28:40.082075+00', ''),
	('00000000-0000-0000-0000-000000000000', '1488cba5-3158-4bc0-aaeb-26abc2a83703', '{"action":"logout","actor_id":"ed2c2646-7fa9-4b56-bde1-5519b5d562f5","actor_username":"necomedezpalaylay@gmail.com","actor_via_sso":false,"log_type":"account"}', '2024-03-19 08:28:40.113804+00', ''),
	('00000000-0000-0000-0000-000000000000', 'a04d8c0f-e42b-4231-9bd4-f2318d8f2ba0', '{"action":"login","actor_id":"ed2c2646-7fa9-4b56-bde1-5519b5d562f5","actor_username":"necomedezpalaylay@gmail.com","actor_via_sso":false,"log_type":"account","traits":{"provider":"email"}}', '2024-03-19 08:29:09.16711+00', ''),
	('00000000-0000-0000-0000-000000000000', '6c67a21b-71ba-45f9-9e5c-91da3a0966a1', '{"action":"logout","actor_id":"ed2c2646-7fa9-4b56-bde1-5519b5d562f5","actor_username":"necomedezpalaylay@gmail.com","actor_via_sso":false,"log_type":"account"}', '2024-03-19 08:29:09.194093+00', ''),
	('00000000-0000-0000-0000-000000000000', '40987e5c-13fe-4d33-b66f-e273773c0847', '{"action":"login","actor_id":"ed2c2646-7fa9-4b56-bde1-5519b5d562f5","actor_username":"necomedezpalaylay@gmail.com","actor_via_sso":false,"log_type":"account","traits":{"provider":"email"}}', '2024-03-19 08:30:12.630428+00', ''),
	('00000000-0000-0000-0000-000000000000', '1375be58-233a-416f-ab50-68d27182b65c', '{"action":"logout","actor_id":"ed2c2646-7fa9-4b56-bde1-5519b5d562f5","actor_username":"necomedezpalaylay@gmail.com","actor_via_sso":false,"log_type":"account"}', '2024-03-19 08:30:12.657264+00', ''),
	('00000000-0000-0000-0000-000000000000', '168416a3-1b8b-4574-82f9-805a0cc00265', '{"action":"login","actor_id":"ed2c2646-7fa9-4b56-bde1-5519b5d562f5","actor_username":"necomedezpalaylay@gmail.com","actor_via_sso":false,"log_type":"account","traits":{"provider":"email"}}', '2024-03-19 08:30:59.061043+00', ''),
	('00000000-0000-0000-0000-000000000000', '4db4022a-3338-4148-aba0-39076f6fc5a7', '{"action":"logout","actor_id":"ed2c2646-7fa9-4b56-bde1-5519b5d562f5","actor_username":"necomedezpalaylay@gmail.com","actor_via_sso":false,"log_type":"account"}', '2024-03-19 08:30:59.089115+00', ''),
	('00000000-0000-0000-0000-000000000000', 'b59164ee-1521-4f4a-ab3c-1244f93a0faa', '{"action":"login","actor_id":"ed2c2646-7fa9-4b56-bde1-5519b5d562f5","actor_username":"necomedezpalaylay@gmail.com","actor_via_sso":false,"log_type":"account","traits":{"provider":"email"}}', '2024-03-19 08:31:37.5574+00', ''),
	('00000000-0000-0000-0000-000000000000', '2b7d2414-8982-4288-bf9a-84e72dd1e9fb', '{"action":"logout","actor_id":"ed2c2646-7fa9-4b56-bde1-5519b5d562f5","actor_username":"necomedezpalaylay@gmail.com","actor_via_sso":false,"log_type":"account"}', '2024-03-19 08:31:37.580195+00', ''),
	('00000000-0000-0000-0000-000000000000', '04a555d2-52df-48d9-9615-8fe6e29ab5f1', '{"action":"login","actor_id":"ed2c2646-7fa9-4b56-bde1-5519b5d562f5","actor_username":"necomedezpalaylay@gmail.com","actor_via_sso":false,"log_type":"account","traits":{"provider":"email"}}', '2024-03-19 08:33:12.730763+00', ''),
	('00000000-0000-0000-0000-000000000000', 'ee1d0b2c-c861-4f1e-8414-8a75f1370443', '{"action":"logout","actor_id":"ed2c2646-7fa9-4b56-bde1-5519b5d562f5","actor_username":"necomedezpalaylay@gmail.com","actor_via_sso":false,"log_type":"account"}', '2024-03-19 08:33:12.757815+00', ''),
	('00000000-0000-0000-0000-000000000000', '44e5c9b7-d8a1-4a20-af58-4142173e47c2', '{"action":"login","actor_id":"ed2c2646-7fa9-4b56-bde1-5519b5d562f5","actor_username":"necomedezpalaylay@gmail.com","actor_via_sso":false,"log_type":"account","traits":{"provider":"email"}}', '2024-03-19 08:33:22.070242+00', ''),
	('00000000-0000-0000-0000-000000000000', 'f3fe98e5-c73e-496e-8236-f3af84abe804', '{"action":"logout","actor_id":"ed2c2646-7fa9-4b56-bde1-5519b5d562f5","actor_username":"necomedezpalaylay@gmail.com","actor_via_sso":false,"log_type":"account"}', '2024-03-19 08:33:22.095892+00', ''),
	('00000000-0000-0000-0000-000000000000', '5e11a6bf-141f-4ba8-8adc-48d8a4c27c06', '{"action":"login","actor_id":"ed2c2646-7fa9-4b56-bde1-5519b5d562f5","actor_username":"necomedezpalaylay@gmail.com","actor_via_sso":false,"log_type":"account","traits":{"provider":"email"}}', '2024-03-19 08:33:57.734314+00', ''),
	('00000000-0000-0000-0000-000000000000', 'd71bacc5-112d-476a-a949-d58969399b6d', '{"action":"logout","actor_id":"ed2c2646-7fa9-4b56-bde1-5519b5d562f5","actor_username":"necomedezpalaylay@gmail.com","actor_via_sso":false,"log_type":"account"}', '2024-03-19 08:33:57.762146+00', ''),
	('00000000-0000-0000-0000-000000000000', 'fa7d42e3-f908-4f9d-9b87-213ac23e39fb', '{"action":"login","actor_id":"ed2c2646-7fa9-4b56-bde1-5519b5d562f5","actor_username":"necomedezpalaylay@gmail.com","actor_via_sso":false,"log_type":"account","traits":{"provider":"email"}}', '2024-03-19 08:34:19.79314+00', ''),
	('00000000-0000-0000-0000-000000000000', 'fa789d80-e8bf-40ac-abbc-fc755e13f49c', '{"action":"logout","actor_id":"ed2c2646-7fa9-4b56-bde1-5519b5d562f5","actor_username":"necomedezpalaylay@gmail.com","actor_via_sso":false,"log_type":"account"}', '2024-03-19 08:34:19.822319+00', ''),
	('00000000-0000-0000-0000-000000000000', 'bf8e9dd8-1ed6-4661-8c85-f9d0452fac07', '{"action":"login","actor_id":"ed2c2646-7fa9-4b56-bde1-5519b5d562f5","actor_username":"necomedezpalaylay@gmail.com","actor_via_sso":false,"log_type":"account","traits":{"provider":"email"}}', '2024-03-19 08:34:20.173034+00', ''),
	('00000000-0000-0000-0000-000000000000', '27bd5bed-d093-47c4-877a-3bd6c227471e', '{"action":"logout","actor_id":"ed2c2646-7fa9-4b56-bde1-5519b5d562f5","actor_username":"necomedezpalaylay@gmail.com","actor_via_sso":false,"log_type":"account"}', '2024-03-19 08:34:20.202693+00', ''),
	('00000000-0000-0000-0000-000000000000', '8d2bee56-b26d-4a78-8975-c195f1a6d332', '{"action":"login","actor_id":"ed2c2646-7fa9-4b56-bde1-5519b5d562f5","actor_username":"necomedezpalaylay@gmail.com","actor_via_sso":false,"log_type":"account","traits":{"provider":"email"}}', '2024-03-19 08:34:20.303729+00', ''),
	('00000000-0000-0000-0000-000000000000', 'f6fe749f-6584-4d5c-90c2-2f3e8fc7af76', '{"action":"logout","actor_id":"ed2c2646-7fa9-4b56-bde1-5519b5d562f5","actor_username":"necomedezpalaylay@gmail.com","actor_via_sso":false,"log_type":"account"}', '2024-03-19 08:34:20.330117+00', ''),
	('00000000-0000-0000-0000-000000000000', '91b9eab0-e44f-4517-a387-d794969f91c4', '{"action":"login","actor_id":"2cb342a3-08a6-455c-8cc0-88eafe0cde21","actor_username":"superadmin@urdaneta.gov.ph","actor_via_sso":false,"log_type":"account","traits":{"provider":"email"}}', '2024-03-19 08:34:25.476472+00', ''),
	('00000000-0000-0000-0000-000000000000', '3328ebae-5832-4b09-a71f-974c8ba4cd7f', '{"action":"user_signedup","actor_id":"00000000-0000-0000-0000-000000000000","actor_username":"service_role","actor_via_sso":false,"log_type":"team","traits":{"user_email":"jeffreyreasonda@gmail.com","user_id":"2f49238c-ed88-4d3d-bdc2-6912829958fa","user_phone":""}}', '2024-03-17 08:52:21.966361+00', ''),
	('00000000-0000-0000-0000-000000000000', 'f8351a72-03e1-4199-89e2-4be87e67acca', '{"action":"user_signedup","actor_id":"00000000-0000-0000-0000-000000000000","actor_username":"service_role","actor_via_sso":false,"log_type":"team","traits":{"user_email":"rodelsanchez@gmail.com","user_id":"e0ddcb4a-9706-4419-8a02-1c021d16bc19","user_phone":""}}', '2024-03-17 08:52:22.044543+00', ''),
	('00000000-0000-0000-0000-000000000000', 'ac085292-2fdf-4b8c-9294-3dfbb9bad085', '{"action":"user_signedup","actor_id":"00000000-0000-0000-0000-000000000000","actor_username":"service_role","actor_via_sso":false,"log_type":"team","traits":{"user_email":"necomedezpalaylay@gmail.com","user_id":"ed2c2646-7fa9-4b56-bde1-5519b5d562f5","user_phone":""}}', '2024-03-17 08:52:22.069954+00', ''),
	('00000000-0000-0000-0000-000000000000', '77633893-ef9a-44b7-820e-468a20f443b6', '{"action":"logout","actor_id":"2cb342a3-08a6-455c-8cc0-88eafe0cde21","actor_username":"superadmin@urdaneta.gov.ph","actor_via_sso":false,"log_type":"account"}', '2024-03-19 08:34:54.205237+00', ''),
	('00000000-0000-0000-0000-000000000000', '3b53c596-d872-4e2b-a634-628787b89bf9', '{"action":"login","actor_id":"ed2c2646-7fa9-4b56-bde1-5519b5d562f5","actor_username":"necomedezpalaylay@gmail.com","actor_via_sso":false,"log_type":"account","traits":{"provider":"email"}}', '2024-03-19 08:35:59.108644+00', ''),
	('00000000-0000-0000-0000-000000000000', '2f1b600c-8632-419c-8e4f-b5f27e1fe24f', '{"action":"logout","actor_id":"ed2c2646-7fa9-4b56-bde1-5519b5d562f5","actor_username":"necomedezpalaylay@gmail.com","actor_via_sso":false,"log_type":"account"}', '2024-03-19 08:35:59.133421+00', ''),
	('00000000-0000-0000-0000-000000000000', 'c0a5143c-26d7-4702-8a72-d514502ef372', '{"action":"login","actor_id":"ed2c2646-7fa9-4b56-bde1-5519b5d562f5","actor_username":"necomedezpalaylay@gmail.com","actor_via_sso":false,"log_type":"account","traits":{"provider":"email"}}', '2024-03-19 08:37:10.747199+00', ''),
	('00000000-0000-0000-0000-000000000000', '2626fe47-7f60-4c2a-8fac-c024f4c3d7a6', '{"action":"logout","actor_id":"ed2c2646-7fa9-4b56-bde1-5519b5d562f5","actor_username":"necomedezpalaylay@gmail.com","actor_via_sso":false,"log_type":"account"}', '2024-03-19 08:37:10.774594+00', ''),
	('00000000-0000-0000-0000-000000000000', 'be7ddee5-5e74-437f-a1cc-c09adcb342fe', '{"action":"login","actor_id":"ed2c2646-7fa9-4b56-bde1-5519b5d562f5","actor_username":"necomedezpalaylay@gmail.com","actor_via_sso":false,"log_type":"account","traits":{"provider":"email"}}', '2024-03-19 08:40:15.045262+00', ''),
	('00000000-0000-0000-0000-000000000000', '813d2edf-45ab-48ef-887a-593ab701a067', '{"action":"logout","actor_id":"ed2c2646-7fa9-4b56-bde1-5519b5d562f5","actor_username":"necomedezpalaylay@gmail.com","actor_via_sso":false,"log_type":"account"}', '2024-03-19 08:40:15.072194+00', ''),
	('00000000-0000-0000-0000-000000000000', 'ec25f01e-f2ce-4dbd-8b24-fdcd8e131415', '{"action":"user_signedup","actor_id":"00000000-0000-0000-0000-000000000000","actor_username":"service_role","actor_via_sso":false,"log_type":"team","traits":{"user_email":"marlonfiguracion@gmail.com","user_id":"16a6072f-5cb6-4859-92b9-ba06053711d2","user_phone":""}}', '2024-03-17 08:43:04.900586+00', '');


--
-- Data for Name: flow_state; Type: TABLE DATA; Schema: auth; Owner: supabase_auth_admin
--



--
-- Data for Name: users; Type: TABLE DATA; Schema: auth; Owner: supabase_auth_admin
--

INSERT INTO "auth"."users" ("instance_id", "id", "aud", "role", "email", "encrypted_password", "email_confirmed_at", "invited_at", "confirmation_token", "confirmation_sent_at", "recovery_token", "recovery_sent_at", "email_change_token_new", "email_change", "email_change_sent_at", "last_sign_in_at", "raw_app_meta_data", "raw_user_meta_data", "is_super_admin", "created_at", "updated_at", "phone", "phone_confirmed_at", "phone_change", "phone_change_token", "phone_change_sent_at", "email_change_token_current", "email_change_confirm_status", "banned_until", "reauthentication_token", "reauthentication_sent_at", "is_sso_user", "deleted_at") VALUES
	('00000000-0000-0000-0000-000000000000', '7c924ba8-a8c1-4324-989e-641acdfb185f', 'authenticated', 'authenticated', 'rochelleevaristo@urdaneta.gov.ph', '$2a$10$YCa6HuVPoet3SopmCzuQueQRjZBcYAkFy356YBN1bSN18caq7Gf5q', '2024-03-19 06:32:35.298804+00', NULL, '', NULL, '', NULL, '', '', NULL, '2024-03-20 00:33:32.125142+00', '{"provider": "email", "providers": ["email"]}', '{"role": "staff", "permissions": []}', NULL, '2024-03-19 06:32:35.296447+00', '2024-03-21 07:04:11.35348+00', NULL, NULL, '', '', NULL, '', 0, NULL, '', NULL, false, NULL),
	('00000000-0000-0000-0000-000000000000', '2ab68b13-3d2e-43b0-9bdf-84b7ac485a73', 'authenticated', 'authenticated', 'jovanitani@gmail.com', '$2a$10$Wo5/cXLU4nLu8BZjz2kB7e2MeSVgxlHoQ8eRsjKXO9/OFPWB/ZwZm', '2024-03-17 08:52:21.966055+00', NULL, '', NULL, '', NULL, '', '', NULL, NULL, '{"provider": "email", "providers": ["email"]}', '{"role": "enforcer", "permissions": []}', NULL, '2024-03-17 08:52:21.893048+00', '2024-03-17 08:52:21.96625+00', NULL, NULL, '', '', NULL, '', 0, NULL, '', NULL, false, NULL),
	('00000000-0000-0000-0000-000000000000', '44b8cc2a-923b-4a6a-bdb5-52eaaa6d900e', 'authenticated', 'authenticated', 'roellucena@gmail.com', '$2a$10$irfPst5aj2vw./T0nBEnpOiWwnk0jj1O6qMnVWf9Uezhjz47VQcJe', '2024-03-17 08:52:21.969662+00', NULL, '', NULL, '', NULL, '', '', NULL, NULL, '{"provider": "email", "providers": ["email"]}', '{"role": "enforcer", "permissions": []}', NULL, '2024-03-17 08:52:21.827663+00', '2024-03-17 08:52:21.969925+00', NULL, NULL, '', '', NULL, '', 0, NULL, '', NULL, false, NULL),
	('00000000-0000-0000-0000-000000000000', 'ff6817e6-52b9-4c69-8ba4-13e727befab9', 'authenticated', 'authenticated', 'johnjohncortez@gmail.com', '$2a$10$IyDd3erGjsUPbO1pw4P6POkoNc8bOu8ZnsYvPjJYTWyshygIVtHYy', '2024-03-17 08:52:21.971563+00', NULL, '', NULL, '', NULL, '', '', NULL, NULL, '{"provider": "email", "providers": ["email"]}', '{"role": "enforcer", "permissions": []}', NULL, '2024-03-17 08:52:21.895779+00', '2024-03-17 08:52:21.971828+00', NULL, NULL, '', '', NULL, '', 0, NULL, '', NULL, false, NULL),
	('00000000-0000-0000-0000-000000000000', 'c155c238-e122-46ee-9271-bd650c044fb3', 'authenticated', 'authenticated', 'test@gmail.com', '$2a$10$lxVVXG4VDiezPT5bIdvvxer.P5K3pO4Zp3Vp/6gHy7Tsu.q/.qrS6', '2024-03-18 01:02:16.785748+00', NULL, '', NULL, '', NULL, '', '', NULL, '2024-03-19 14:30:50.46378+00', '{"provider": "email", "providers": ["email"]}', '{"role": "enforcer", "permissions": []}', NULL, '2024-03-18 01:02:16.780841+00', '2024-03-19 14:30:50.467371+00', NULL, NULL, '', '', NULL, '', 0, NULL, '', NULL, false, NULL),
	('00000000-0000-0000-0000-000000000000', '10d8827f-f1f3-4847-aeb6-4bd2d8ad761b', 'authenticated', 'authenticated', 'jorgejavier@gmail.com', '$2a$10$lZyw.pt.d/H25bruVf.A0ObZRQNhhfMktvPjBz0t9mX06z5wuIcI.', '2024-03-17 08:52:21.866654+00', NULL, '', NULL, '', NULL, '', '', NULL, NULL, '{"provider": "email", "providers": ["email"]}', '{"role": "enforcer", "permissions": []}', NULL, '2024-03-17 08:52:21.805008+00', '2024-03-17 08:52:21.866825+00', NULL, NULL, '', '', NULL, '', 0, NULL, '', NULL, false, NULL),
	('00000000-0000-0000-0000-000000000000', 'dbfdc8a2-9536-4b60-bb75-b4445aa5dedb', 'authenticated', 'authenticated', 'marlonfiguracion@gmail.com', '$2a$10$hpMOZXKragGcEFiCJMbBWuspafW4Q4TbEide1jdfX8irkse8xaa6C', '2024-03-17 08:52:21.904092+00', NULL, '', NULL, '', NULL, '', '', NULL, NULL, '{"provider": "email", "providers": ["email"]}', '{"role": "enforcer", "permissions": []}', NULL, '2024-03-17 08:52:21.809811+00', '2024-03-17 08:52:21.904557+00', NULL, NULL, '', '', NULL, '', 0, NULL, '', NULL, false, NULL),
	('00000000-0000-0000-0000-000000000000', 'c3d0a04c-a8f1-45f7-a109-3f669d228e47', 'authenticated', 'authenticated', 'johnrygabertan@gmail.com', '$2a$10$NfF6EM1qOKoSqhVYAaU7x.CkLvwNFG5Q9Pm8JzWcxZq5b3042PTEe', '2024-03-17 08:52:21.963567+00', NULL, '', NULL, '', NULL, '', '', NULL, NULL, '{"provider": "email", "providers": ["email"]}', '{"role": "enforcer", "permissions": []}', NULL, '2024-03-17 08:52:21.92282+00', '2024-03-17 08:52:21.963763+00', NULL, NULL, '', '', NULL, '', 0, NULL, '', NULL, false, NULL),
	('00000000-0000-0000-0000-000000000000', '71d218f7-2499-4993-ac6a-bc8212a2741c', 'authenticated', 'authenticated', 'ronilolapena@gmail.com', '$2a$10$D4VKV2/JxW5s3rvMZh/RAe0xxZ63araVuvVvz3eNvQsfC8ATwXcJa', '2024-03-17 08:52:21.974012+00', NULL, '', NULL, '', NULL, '', '', NULL, NULL, '{"provider": "email", "providers": ["email"]}', '{"role": "enforcer", "permissions": []}', NULL, '2024-03-17 08:52:21.896572+00', '2024-03-17 08:52:21.974249+00', NULL, NULL, '', '', NULL, '', 0, NULL, '', NULL, false, NULL),
	('00000000-0000-0000-0000-000000000000', '27232133-d2ea-492b-8648-f7b5a62fc4e3', 'authenticated', 'authenticated', 'leandrodacasin@gmail.com', '$2a$10$4p6genngEOHw16GoWrZKJ.KaknhEbhlLwSBxxrUaoibyFIG99Fzlu', '2024-03-17 08:52:22.055445+00', NULL, '', NULL, '', NULL, '', '', NULL, NULL, '{"provider": "email", "providers": ["email"]}', '{"role": "enforcer", "permissions": []}', NULL, '2024-03-17 08:52:22.037652+00', '2024-03-17 08:52:22.05785+00', NULL, NULL, '', '', NULL, '', 0, NULL, '', NULL, false, NULL),
	('00000000-0000-0000-0000-000000000000', 'bda8f445-5d77-4911-aa03-46090759bcb2', 'authenticated', 'authenticated', 'joelcacatian@gmail.com', '$2a$10$PCK/S8x0HU7Xh2gqzW2V1O4ibCvU8yEaOVYVRL.GopAUr9pIMJS0K', '2024-03-17 08:52:21.974272+00', NULL, '', NULL, '', NULL, '', '', NULL, NULL, '{"provider": "email", "providers": ["email"]}', '{"role": "enforcer", "permissions": []}', NULL, '2024-03-17 08:52:21.880806+00', '2024-03-17 08:52:21.974494+00', NULL, NULL, '', '', NULL, '', 0, NULL, '', NULL, false, NULL),
	('00000000-0000-0000-0000-000000000000', '1da355c7-7803-4673-9be9-fe442c4039c2', 'authenticated', 'authenticated', 'diosdadoadviento@gmail.com', '$2a$10$lXfgdTjarKPu17P47CrQCOXRzAAeQ.5b7O1tVbF.kkpYDxJL8qG/m', '2024-03-17 08:52:21.975031+00', NULL, '', NULL, '', NULL, '', '', NULL, NULL, '{"provider": "email", "providers": ["email"]}', '{"role": "enforcer", "permissions": []}', NULL, '2024-03-17 08:52:21.901328+00', '2024-03-17 08:52:21.975272+00', NULL, NULL, '', '', NULL, '', 0, NULL, '', NULL, false, NULL),
	('00000000-0000-0000-0000-000000000000', '5373fc4d-e764-45b2-9caf-de4fc0a334ad', 'authenticated', 'authenticated', 'benjocorpuz@gmail.com', '$2a$10$SVgs3AvDs8cfYAsbubkfZujtgCy4/e4rgErwXKvECe5O0v2Y082um', '2024-03-17 08:52:22.010887+00', NULL, '', NULL, '', NULL, '', '', NULL, NULL, '{"provider": "email", "providers": ["email"]}', '{"role": "enforcer", "permissions": []}', NULL, '2024-03-17 08:52:21.984714+00', '2024-03-17 08:52:22.012737+00', NULL, NULL, '', '', NULL, '', 0, NULL, '', NULL, false, NULL),
	('00000000-0000-0000-0000-000000000000', 'fe3ef13b-20a3-4c40-9c59-3d6007c822a7', 'authenticated', 'authenticated', 'joellaguna@gmail.com', '$2a$10$zC52bqx18GJ2NcUD3b360OoR22ll7himj6nNRqMKWfVh5D7QjqWi6', '2024-03-17 08:52:22.042677+00', NULL, '', NULL, '', NULL, '', '', NULL, NULL, '{"provider": "email", "providers": ["email"]}', '{"role": "enforcer", "permissions": []}', NULL, '2024-03-17 08:52:22.037095+00', '2024-03-17 08:52:22.042871+00', NULL, NULL, '', '', NULL, '', 0, NULL, '', NULL, false, NULL),
	('00000000-0000-0000-0000-000000000000', 'a72706f0-a6bb-4da9-9cea-90fbba9f6460', 'authenticated', 'authenticated', 'noelfernandez@gmail.com', '$2a$10$D9kIucN5TzfXhu/EdrJsnOLN./JLELXNffaCDw89eqKzo7DdzL4SO', '2024-03-17 08:52:21.973026+00', NULL, '', NULL, '', NULL, '', '', NULL, NULL, '{"provider": "email", "providers": ["email"]}', '{"role": "enforcer", "permissions": []}', NULL, '2024-03-17 08:52:21.883718+00', '2024-03-17 08:52:21.97333+00', NULL, NULL, '', '', NULL, '', 0, NULL, '', NULL, false, NULL),
	('00000000-0000-0000-0000-000000000000', '2f49238c-ed88-4d3d-bdc2-6912829958fa', 'authenticated', 'authenticated', 'jeffreyreasonda@gmail.com', '$2a$10$.Qe5fGuS20wCW1FsTBUBu.OOsRm8MtsCQqmyNVK7uNsUIm5/9af7y', '2024-03-17 08:52:21.974042+00', NULL, '', NULL, '', NULL, '', '', NULL, NULL, '{"provider": "email", "providers": ["email"]}', '{"role": "enforcer", "permissions": []}', NULL, '2024-03-17 08:52:21.904441+00', '2024-03-17 08:52:21.974272+00', NULL, NULL, '', '', NULL, '', 0, NULL, '', NULL, false, NULL),
	('00000000-0000-0000-0000-000000000000', '6869876e-5d1d-45ba-a3db-84288ca059cb', 'authenticated', 'authenticated', 'jerrycorales@gmail.com', '$2a$10$wwD3pFrMFYRVBQzMT7qKWeZxuKMSTAgRCkCCSZvIyu.pIdA1DtmAy', '2024-03-17 08:52:21.986785+00', NULL, '', NULL, '', NULL, '', '', NULL, NULL, '{"provider": "email", "providers": ["email"]}', '{"role": "enforcer", "permissions": []}', NULL, '2024-03-17 08:52:21.975121+00', '2024-03-17 08:52:21.9871+00', NULL, NULL, '', '', NULL, '', 0, NULL, '', NULL, false, NULL),
	('00000000-0000-0000-0000-000000000000', '4edfb48c-a15e-4805-bda4-9a78e90bc35a', 'authenticated', 'authenticated', 'princessraquiza@gmail.com', '$2a$10$bwMdl92HP2XS7Bzf6pvEE.jk2I7JN2QMxsSJ4SSJS8necL804umeO', '2024-03-17 08:52:21.979768+00', NULL, '', NULL, '', NULL, '', '', NULL, NULL, '{"provider": "email", "providers": ["email"]}', '{"role": "enforcer", "permissions": []}', NULL, '2024-03-17 08:52:21.880949+00', '2024-03-17 08:52:21.979998+00', NULL, NULL, '', '', NULL, '', 0, NULL, '', NULL, false, NULL),
	('00000000-0000-0000-0000-000000000000', 'f6aa5621-a15e-456c-b8c9-ddce0d490032', 'authenticated', 'authenticated', 'marvinacosta@gmail.com', '$2a$10$Vx7pb3p4U8mnFb6u8BpdOO/R.34LC0UDwoRzshpIfnTDB0ao/yZ/K', '2024-03-17 08:52:21.978828+00', NULL, '', NULL, '', NULL, '', '', NULL, NULL, '{"provider": "email", "providers": ["email"]}', '{"role": "enforcer", "permissions": []}', NULL, '2024-03-17 08:52:21.901144+00', '2024-03-17 08:52:21.979161+00', NULL, NULL, '', '', NULL, '', 0, NULL, '', NULL, false, NULL),
	('00000000-0000-0000-0000-000000000000', '0d95406b-8860-4885-af82-4aedf6b6f436', 'authenticated', 'authenticated', 'gerardofajardo@gmail.com', '$2a$10$4/CcFLNAr.q28Kkuk7lBKOf0RqstCk.fe7k3BedULHAA.1pBS6DPO', '2024-03-17 08:52:21.995061+00', NULL, '', NULL, '', NULL, '', '', NULL, NULL, '{"provider": "email", "providers": ["email"]}', '{"role": "enforcer", "permissions": []}', NULL, '2024-03-17 08:52:21.985792+00', '2024-03-17 08:52:21.995338+00', NULL, NULL, '', '', NULL, '', 0, NULL, '', NULL, false, NULL),
	('00000000-0000-0000-0000-000000000000', '406e8740-bf68-4b25-9670-b963457182db', 'authenticated', 'authenticated', 'jimmyfabro@gmail.com', '$2a$10$iPQNJ5JPztxsotve6Sz67u3gE0mNqvL0FEApn.1BcxiO1AYnzwDzi', '2024-03-17 08:52:21.993352+00', NULL, '', NULL, '', NULL, '', '', NULL, NULL, '{"provider": "email", "providers": ["email"]}', '{"role": "enforcer", "permissions": []}', NULL, '2024-03-17 08:52:21.973884+00', '2024-03-17 08:52:21.993642+00', NULL, NULL, '', '', NULL, '', 0, NULL, '', NULL, false, NULL),
	('00000000-0000-0000-0000-000000000000', '76683732-d9a1-4772-a0d9-1af6aa7aef07', 'authenticated', 'authenticated', 'jessiecontaoe@gmail.com', '$2a$10$o3aDiLpDwSSLRKSyJMBYuuEidnIPW2jGZ3xWzyDZ19.ArTlT0HksW', '2024-03-17 08:52:21.979403+00', NULL, '', NULL, '', NULL, '', '', NULL, NULL, '{"provider": "email", "providers": ["email"]}', '{"role": "enforcer", "permissions": []}', NULL, '2024-03-17 08:52:21.892145+00', '2024-03-17 08:52:21.979683+00', NULL, NULL, '', '', NULL, '', 0, NULL, '', NULL, false, NULL),
	('00000000-0000-0000-0000-000000000000', '0d280c20-c2fd-487e-a7d6-9164549ce646', 'authenticated', 'authenticated', 'arleenraga@gmail.com', '$2a$10$amrpN5lyPJM1Kli/ZM0tfeuL1ij6GRc1KzJIxgvmOAJt0zc/GYMXO', '2024-03-17 08:52:22.018873+00', NULL, '', NULL, '', NULL, '', '', NULL, NULL, '{"provider": "email", "providers": ["email"]}', '{"role": "enforcer", "permissions": []}', NULL, '2024-03-17 08:52:21.99562+00', '2024-03-17 08:52:22.021555+00', NULL, NULL, '', '', NULL, '', 0, NULL, '', NULL, false, NULL),
	('00000000-0000-0000-0000-000000000000', '3c0d5c53-9173-4901-af4b-e0123e8e5f78', 'authenticated', 'authenticated', 'allanbajesta@gmail.com', '$2a$10$eTpPDkfuTGatIrJK7waPB./lvm3EIZCwy9SwHTbJ7iW1I/mAz42le', '2024-03-17 08:52:22.069642+00', NULL, '', NULL, '', NULL, '', '', NULL, NULL, '{"provider": "email", "providers": ["email"]}', '{"role": "enforcer", "permissions": []}', NULL, '2024-03-17 08:52:22.058945+00', '2024-03-17 08:52:22.069781+00', NULL, NULL, '', '', NULL, '', 0, NULL, '', NULL, false, NULL),
	('00000000-0000-0000-0000-000000000000', '07157ec6-d7bb-45f6-ae3c-63bc154b380a', 'authenticated', 'authenticated', 'mariotabilin@gmail.com', '$2a$10$t/Mg5FG2.Zhycfki8ap7P.PfqOQLRq4QXzx9rcVjTEzbINPfkefam', '2024-03-17 08:52:21.980222+00', NULL, '', NULL, '', NULL, '', '', NULL, NULL, '{"provider": "email", "providers": ["email"]}', '{"role": "enforcer", "permissions": []}', NULL, '2024-03-17 08:52:21.963287+00', '2024-03-17 08:52:21.980457+00', NULL, NULL, '', '', NULL, '', 0, NULL, '', NULL, false, NULL),
	('00000000-0000-0000-0000-000000000000', '8b9295f0-b6fc-4b55-835e-4c4fc32a229b', 'authenticated', 'authenticated', 'erwincastillo@gmail.com', '$2a$10$WDaqcb6hOCd0ar4e85sMLehdgObOaF0zsVUiKR/wcbgOJ.Zld.qpy', '2024-03-17 08:52:21.981176+00', NULL, '', NULL, '', NULL, '', '', NULL, NULL, '{"provider": "email", "providers": ["email"]}', '{"role": "enforcer", "permissions": []}', NULL, '2024-03-17 08:52:21.854562+00', '2024-03-17 08:52:21.986011+00', NULL, NULL, '', '', NULL, '', 0, NULL, '', NULL, false, NULL),
	('00000000-0000-0000-0000-000000000000', 'aef054fe-5f34-4bc8-aafd-ab26d226c70e', 'authenticated', 'authenticated', 'dariomadronio@gmail.com', '$2a$10$NhwK5ljaFko.hzXtPQZ.e.i84yRyoTCSwp5jiqJN4nZR2g/nHk4tC', '2024-03-17 08:52:22.021667+00', NULL, '', NULL, '', NULL, '', '', NULL, NULL, '{"provider": "email", "providers": ["email"]}', '{"role": "enforcer", "permissions": []}', NULL, '2024-03-17 08:52:22.005851+00', '2024-03-17 08:52:22.021874+00', NULL, NULL, '', '', NULL, '', 0, NULL, '', NULL, false, NULL),
	('00000000-0000-0000-0000-000000000000', '156304d6-a833-48aa-b6d7-42d9bb2c6b68', 'authenticated', 'authenticated', 'albertcabang@gmail.com', '$2a$10$tDE/X4Mj225TPaICbtPYrujh/30qqLdKPVIOkmO2HaJDlbJ1cjufu', '2024-03-17 08:52:21.981686+00', NULL, '', NULL, '', NULL, '', '', NULL, NULL, '{"provider": "email", "providers": ["email"]}', '{"role": "enforcer", "permissions": []}', NULL, '2024-03-17 08:52:21.969877+00', '2024-03-17 08:52:21.981948+00', NULL, NULL, '', '', NULL, '', 0, NULL, '', NULL, false, NULL),
	('00000000-0000-0000-0000-000000000000', '5c01498d-988f-4070-866f-a933f0cb5c14', 'authenticated', 'authenticated', 'marvinrincoraya@gmail.com', '$2a$10$u7lAVVdKlT0zQ3LKUnrdC.wXwVc2e4LK9Gsjf.syRfLJLLH37ReOm', '2024-03-17 08:52:21.985455+00', NULL, '', NULL, '', NULL, '', '', NULL, NULL, '{"provider": "email", "providers": ["email"]}', '{"role": "enforcer", "permissions": []}', NULL, '2024-03-17 08:52:21.89263+00', '2024-03-17 08:52:21.985699+00', NULL, NULL, '', '', NULL, '', 0, NULL, '', NULL, false, NULL),
	('00000000-0000-0000-0000-000000000000', '2b5d10f6-f6cb-4cb0-ad8d-779ca583cae0', 'authenticated', 'authenticated', 'romeomatibag@gmail.com', '$2a$10$JX/FZxr0K/yGb.pp.1td9ez094A4WifJchNOY2qJsvDcIPIAWdQ8.', '2024-03-17 08:52:21.998647+00', NULL, '', NULL, '', NULL, '', '', NULL, NULL, '{"provider": "email", "providers": ["email"]}', '{"role": "enforcer", "permissions": []}', NULL, '2024-03-17 08:52:21.974724+00', '2024-03-17 08:52:21.998877+00', NULL, NULL, '', '', NULL, '', 0, NULL, '', NULL, false, NULL),
	('00000000-0000-0000-0000-000000000000', 'd3b304d2-fe9c-4f73-865f-d4d2404a708a', 'authenticated', 'authenticated', 'williammanibog@gmail.com', '$2a$10$uIXlDn7egWUwUyLq/Bwqm.Co59Zzkizq8acIJscGACbcAVQzSYSsK', '2024-03-17 08:52:22.000483+00', NULL, '', NULL, '', NULL, '', '', NULL, NULL, '{"provider": "email", "providers": ["email"]}', '{"role": "enforcer", "permissions": []}', NULL, '2024-03-17 08:52:21.982097+00', '2024-03-17 08:52:22.000714+00', NULL, NULL, '', '', NULL, '', 0, NULL, '', NULL, false, NULL),
	('00000000-0000-0000-0000-000000000000', '23fb8558-0915-4919-8873-88788f49c258', 'authenticated', 'authenticated', 'ericellasos@gmail.com', '$2a$10$GO7qGopaU9J0jdmt.75H6eBOUUVz0SWAwFz6awmufvCyilNNYouIW', '2024-03-17 08:52:22.037787+00', NULL, '', NULL, '', NULL, '', '', NULL, NULL, '{"provider": "email", "providers": ["email"]}', '{"role": "enforcer", "permissions": []}', NULL, '2024-03-17 08:52:22.019854+00', '2024-03-17 08:52:22.038119+00', NULL, NULL, '', '', NULL, '', 0, NULL, '', NULL, false, NULL),
	('00000000-0000-0000-0000-000000000000', '063303ec-0d82-4852-ab0f-8332b59db3c8', 'authenticated', 'authenticated', 'emiljimenez@gmail.com', '$2a$10$qE/Ck7IW9KOCaGuqoIJnIOkleiHUbQ/VReWibLcCVRJ0DDaZlIXOq', '2024-03-17 08:52:21.991293+00', NULL, '', NULL, '', NULL, '', '', NULL, NULL, '{"provider": "email", "providers": ["email"]}', '{"role": "enforcer", "permissions": []}', NULL, '2024-03-17 08:52:21.967079+00', '2024-03-17 08:52:21.991568+00', NULL, NULL, '', '', NULL, '', 0, NULL, '', NULL, false, NULL),
	('00000000-0000-0000-0000-000000000000', 'a38125d8-9ccf-4ef9-9e09-df17fa1cf005', 'authenticated', 'authenticated', 'marianolazo@gmail.com', '$2a$10$KYBbywJzl2XiS8fsguHOCuYJswDKlY9NUSb3VDp4.B5l8418FBIuK', '2024-03-17 08:52:22.053551+00', NULL, '', NULL, '', NULL, '', '', NULL, NULL, '{"provider": "email", "providers": ["email"]}', '{"role": "enforcer", "permissions": []}', NULL, '2024-03-17 08:52:22.029048+00', '2024-03-17 08:52:22.053823+00', NULL, NULL, '', '', NULL, '', 0, NULL, '', NULL, false, NULL),
	('00000000-0000-0000-0000-000000000000', '7cf1a44b-0fdc-461c-89b7-5bb4599fbde1', 'authenticated', 'authenticated', 'albertsunga@gmail.com', '$2a$10$DTbnRkR/rmK9GmPDFts3jOfAt4WCmBGqSVA4l6cnTibr3ig0jMgKa', '2024-03-17 08:52:22.045378+00', NULL, '', NULL, '', NULL, '', '', NULL, NULL, '{"provider": "email", "providers": ["email"]}', '{"role": "enforcer", "permissions": []}', NULL, '2024-03-17 08:52:22.021018+00', '2024-03-17 08:52:22.045757+00', NULL, NULL, '', '', NULL, '', 0, NULL, '', NULL, false, NULL),
	('00000000-0000-0000-0000-000000000000', 'ed9eb4b2-9b76-4d65-a45a-4fb5ce7c71c1', 'authenticated', 'authenticated', 'tirsocacondangan@gmail.com', '$2a$10$pRJiL5MdCH.511NHJw4GoOjy4wG8LVHje0ivXMLfbTmwJ2SYxxiAO', '2024-03-17 08:52:22.054136+00', NULL, '', NULL, '', NULL, '', '', NULL, NULL, '{"provider": "email", "providers": ["email"]}', '{"role": "enforcer", "permissions": []}', NULL, '2024-03-17 08:52:22.029101+00', '2024-03-17 08:52:22.054378+00', NULL, NULL, '', '', NULL, '', 0, NULL, '', NULL, false, NULL),
	('00000000-0000-0000-0000-000000000000', 'e0ddcb4a-9706-4419-8a02-1c021d16bc19', 'authenticated', 'authenticated', 'rodelsanchez@gmail.com', '$2a$10$JfEV4b4rccjdmsIaZSEH4u5Mdlvr3uKNyr2wvK62pniw0XXv364bC', '2024-03-17 08:52:22.05225+00', NULL, '', NULL, '', NULL, '', '', NULL, NULL, '{"provider": "email", "providers": ["email"]}', '{"role": "enforcer", "permissions": []}', NULL, '2024-03-17 08:52:22.028215+00', '2024-03-17 08:52:22.052555+00', NULL, NULL, '', '', NULL, '', 0, NULL, '', NULL, false, NULL),
	('00000000-0000-0000-0000-000000000000', '1ca73714-0ec3-4dbb-b2b1-010a5676c6ba', 'authenticated', 'authenticated', 'larryencarnacion@gmail.com', '$2a$10$7lyLZgbM//COw1.yY68uWurFZbV2mArdhNbx8KlbZdJyJ8/D6B9cq', '2024-03-17 08:52:22.017846+00', NULL, '', NULL, '', NULL, '', '', NULL, NULL, '{"provider": "email", "providers": ["email"]}', '{"role": "enforcer", "permissions": []}', NULL, '2024-03-17 08:52:22.000185+00', '2024-03-17 08:52:22.018068+00', NULL, NULL, '', '', NULL, '', 0, NULL, '', NULL, false, NULL),
	('00000000-0000-0000-0000-000000000000', 'c7c796ce-d642-4c63-b4c3-d2e9a2bd625d', 'authenticated', 'authenticated', 'raymundollero@gmail.com', '$2a$10$r/4jQjqEWkiX0KUVK20KQOQfquSd7DQ9PdPtxWIjQnzB0aGz6rUkG', '2024-03-17 08:52:22.01909+00', NULL, '', NULL, '', NULL, '', '', NULL, NULL, '{"provider": "email", "providers": ["email"]}', '{"role": "enforcer", "permissions": []}', NULL, '2024-03-17 08:52:22.006248+00', '2024-03-17 08:52:22.019284+00', NULL, NULL, '', '', NULL, '', 0, NULL, '', NULL, false, NULL),
	('00000000-0000-0000-0000-000000000000', '2cb342a3-08a6-455c-8cc0-88eafe0cde21', 'authenticated', 'authenticated', 'superadmin@urdaneta.gov.ph', '$2a$10$Gkh8ID54K.mBtWnMePBINeV/nbOdo7X8EyafF6CE8SBoGz3wNF57K', '2024-03-17 08:52:22.015296+00', NULL, '', NULL, '', NULL, '', '', NULL, '2024-03-20 00:43:10.732469+00', '{"provider": "email", "providers": ["email"]}', '{"role": "superadmin", "permissions": []}', NULL, '2024-03-17 08:52:21.999559+00', '2024-03-20 07:46:48.682179+00', NULL, NULL, '', '', NULL, '', 0, NULL, '', NULL, false, NULL),
	('00000000-0000-0000-0000-000000000000', 'e3d1e9d3-fc73-4f51-b22d-2b7673299d44', 'authenticated', 'authenticated', 'rexserafica@gmail.com', '$2a$10$NgNxGBgOxWimBe7FEs83sOQlTQzpheuf0T/B1UWQMfV2PUyNLMLBm', '2024-03-17 08:52:22.029205+00', NULL, '', NULL, '', NULL, '', '', NULL, NULL, '{"provider": "email", "providers": ["email"]}', '{"role": "enforcer", "permissions": []}', NULL, '2024-03-17 08:52:22.001504+00', '2024-03-17 08:52:22.029455+00', NULL, NULL, '', '', NULL, '', 0, NULL, '', NULL, false, NULL),
	('00000000-0000-0000-0000-000000000000', 'c95acb0c-f80b-4268-8f41-a59b9ab5f7fc', 'authenticated', 'authenticated', 'hernardfajardo@gmail.com', '$2a$10$k257NPa3vnpVraRBffewzeMTJ6FvHQC492UY9dwn/HPWQiOApvVqC', '2024-03-17 08:52:22.042631+00', NULL, '', NULL, '', NULL, '', '', NULL, NULL, '{"provider": "email", "providers": ["email"]}', '{"role": "enforcer", "permissions": []}', NULL, '2024-03-17 08:52:22.014957+00', '2024-03-17 08:52:22.042877+00', NULL, NULL, '', '', NULL, '', 0, NULL, '', NULL, false, NULL),
	('00000000-0000-0000-0000-000000000000', '89326cd7-58c5-4d54-9ba7-d3f9c767c77e', 'authenticated', 'authenticated', 'juliustabion@gmail.com', '$2a$10$0srjVM94Ep8yQVofrPqFpuC8Qi0BGXJn8O.53K6xpr6779jv4AL12', '2024-03-17 08:52:22.043679+00', NULL, '', NULL, '', NULL, '', '', NULL, NULL, '{"provider": "email", "providers": ["email"]}', '{"role": "enforcer", "permissions": []}', NULL, '2024-03-17 08:52:22.020775+00', '2024-03-17 08:52:22.043887+00', NULL, NULL, '', '', NULL, '', 0, NULL, '', NULL, false, NULL),
	('00000000-0000-0000-0000-000000000000', '080559f6-17ff-4f84-8760-aa73d74b5ed2', 'authenticated', 'authenticated', 'gbduyag@gmail.com', '$2a$10$KKfSY5KMcSeYgjjhAqijTO3PAKJabcXfou6QuoElmuIgTVqbZXdtO', '2024-03-17 08:52:22.054057+00', NULL, '', NULL, '', NULL, '', '', NULL, NULL, '{"provider": "email", "providers": ["email"]}', '{"role": "enforcer", "permissions": []}', NULL, '2024-03-17 08:52:22.039429+00', '2024-03-17 08:52:22.05432+00', NULL, NULL, '', '', NULL, '', 0, NULL, '', NULL, false, NULL),
	('00000000-0000-0000-0000-000000000000', 'a317f908-d71d-45d2-86d9-3665be2587b6', 'authenticated', 'authenticated', 'junjunmamaradlo@gmail.com', '$2a$10$FjTw6hqUMv9AVUhYV/0kgOdW7k8rkZLSBzcP74asTzhULiJ8kKkNS', '2024-03-17 08:52:22.054617+00', NULL, '', NULL, '', NULL, '', '', NULL, NULL, '{"provider": "email", "providers": ["email"]}', '{"role": "enforcer", "permissions": []}', NULL, '2024-03-17 08:52:22.042247+00', '2024-03-17 08:52:22.054934+00', NULL, NULL, '', '', NULL, '', 0, NULL, '', NULL, false, NULL),
	('00000000-0000-0000-0000-000000000000', 'da0b33fc-e1d2-412a-9986-70aa78b964c7', 'authenticated', 'authenticated', 'ildefonsodumpit@gmail.com', '$2a$10$sD/2kla7o/ZXhu91ILSyjOo3W99BTJHE/ijT9SQ10nCoq4P3T5rMS', '2024-03-17 08:52:22.047171+00', NULL, '', NULL, '', NULL, '', '', NULL, NULL, '{"provider": "email", "providers": ["email"]}', '{"role": "enforcer", "permissions": []}', NULL, '2024-03-17 08:52:22.026639+00', '2024-03-17 08:52:22.047388+00', NULL, NULL, '', '', NULL, '', 0, NULL, '', NULL, false, NULL),
	('00000000-0000-0000-0000-000000000000', 'bf528541-191f-4111-9a80-aa0f2f272105', 'authenticated', 'authenticated', 'miketabobo@gmail.com', '$2a$10$iM01m13QQxGWmhiITfQf7upH0vLW0ArdrEWtvLs0bGDizUvBXj7TW', '2024-03-17 08:52:22.06282+00', NULL, '', NULL, '', NULL, '', '', NULL, NULL, '{"provider": "email", "providers": ["email"]}', '{"role": "enforcer", "permissions": []}', NULL, '2024-03-17 08:52:22.023795+00', '2024-03-17 08:52:22.063042+00', NULL, NULL, '', '', NULL, '', 0, NULL, '', NULL, false, NULL),
	('00000000-0000-0000-0000-000000000000', 'ed2c2646-7fa9-4b56-bde1-5519b5d562f5', 'authenticated', 'authenticated', 'necomedezpalaylay@gmail.com', '$2a$10$0ZrbhzSTajxNhZUI8U9XQ.ytAQ5kMOM6s8UKLOXK0PSuasvHXlRNW', '2024-03-17 08:52:22.070857+00', NULL, '', NULL, '', NULL, '', '', NULL, '2024-03-20 00:33:22.487252+00', '{"provider": "email", "providers": ["email"]}', '{"role": "enforcer", "permissions": []}', NULL, '2024-03-17 08:52:22.068227+00', '2024-03-20 00:33:22.48938+00', NULL, NULL, '', '', NULL, '', 0, NULL, '', NULL, false, NULL);


--
-- Data for Name: identities; Type: TABLE DATA; Schema: auth; Owner: supabase_auth_admin
--

INSERT INTO "auth"."identities" ("provider_id", "user_id", "identity_data", "provider", "last_sign_in_at", "created_at", "updated_at", "id") VALUES
	('dbfdc8a2-9536-4b60-bb75-b4445aa5dedb', 'dbfdc8a2-9536-4b60-bb75-b4445aa5dedb', '{"sub": "dbfdc8a2-9536-4b60-bb75-b4445aa5dedb", "email": "marlonfiguracion@gmail.com", "email_verified": false, "phone_verified": false}', 'email', '2024-03-17 08:52:21.843008+00', '2024-03-17 08:52:21.843054+00', '2024-03-17 08:52:21.843054+00', 'd400c633-810c-4be4-9fbf-59b92243b96f'),
	('10d8827f-f1f3-4847-aeb6-4bd2d8ad761b', '10d8827f-f1f3-4847-aeb6-4bd2d8ad761b', '{"sub": "10d8827f-f1f3-4847-aeb6-4bd2d8ad761b", "email": "jorgejavier@gmail.com", "email_verified": false, "phone_verified": false}', 'email', '2024-03-17 08:52:21.843693+00', '2024-03-17 08:52:21.84376+00', '2024-03-17 08:52:21.84376+00', '3c5438d9-be46-47c2-8d1b-395498ea53d8'),
	('44b8cc2a-923b-4a6a-bdb5-52eaaa6d900e', '44b8cc2a-923b-4a6a-bdb5-52eaaa6d900e', '{"sub": "44b8cc2a-923b-4a6a-bdb5-52eaaa6d900e", "email": "roellucena@gmail.com", "email_verified": false, "phone_verified": false}', 'email', '2024-03-17 08:52:21.855379+00', '2024-03-17 08:52:21.85543+00', '2024-03-17 08:52:21.85543+00', 'be2c9339-e397-4cdd-8a3e-46553fb32772'),
	('bda8f445-5d77-4911-aa03-46090759bcb2', 'bda8f445-5d77-4911-aa03-46090759bcb2', '{"sub": "bda8f445-5d77-4911-aa03-46090759bcb2", "email": "joelcacatian@gmail.com", "email_verified": false, "phone_verified": false}', 'email', '2024-03-17 08:52:21.895244+00', '2024-03-17 08:52:21.895315+00', '2024-03-17 08:52:21.895315+00', '14d62abf-0210-488b-9394-49d62c5ec25c'),
	('a72706f0-a6bb-4da9-9cea-90fbba9f6460', 'a72706f0-a6bb-4da9-9cea-90fbba9f6460', '{"sub": "a72706f0-a6bb-4da9-9cea-90fbba9f6460", "email": "noelfernandez@gmail.com", "email_verified": false, "phone_verified": false}', 'email', '2024-03-17 08:52:21.901047+00', '2024-03-17 08:52:21.901461+00', '2024-03-17 08:52:21.901461+00', 'cdaf8545-74b8-400b-9390-d3c9ab5cb5f8'),
	('2ab68b13-3d2e-43b0-9bdf-84b7ac485a73', '2ab68b13-3d2e-43b0-9bdf-84b7ac485a73', '{"sub": "2ab68b13-3d2e-43b0-9bdf-84b7ac485a73", "email": "jovanitani@gmail.com", "email_verified": false, "phone_verified": false}', 'email', '2024-03-17 08:52:21.896899+00', '2024-03-17 08:52:21.897132+00', '2024-03-17 08:52:21.897132+00', 'e353946e-9c8e-4c92-b970-51eec2950450'),
	('c3d0a04c-a8f1-45f7-a109-3f669d228e47', 'c3d0a04c-a8f1-45f7-a109-3f669d228e47', '{"sub": "c3d0a04c-a8f1-45f7-a109-3f669d228e47", "email": "johnrygabertan@gmail.com", "email_verified": false, "phone_verified": false}', 'email', '2024-03-17 08:52:21.953633+00', '2024-03-17 08:52:21.953709+00', '2024-03-17 08:52:21.953709+00', '301bc6c0-d4f4-405d-8cb6-0692b9a40855'),
	('1da355c7-7803-4673-9be9-fe442c4039c2', '1da355c7-7803-4673-9be9-fe442c4039c2', '{"sub": "1da355c7-7803-4673-9be9-fe442c4039c2", "email": "diosdadoadviento@gmail.com", "email_verified": false, "phone_verified": false}', 'email', '2024-03-17 08:52:21.962898+00', '2024-03-17 08:52:21.963037+00', '2024-03-17 08:52:21.963037+00', 'ef1bb8ef-b360-4611-abe7-ce6df53c582f'),
	('4edfb48c-a15e-4805-bda4-9a78e90bc35a', '4edfb48c-a15e-4805-bda4-9a78e90bc35a', '{"sub": "4edfb48c-a15e-4805-bda4-9a78e90bc35a", "email": "princessraquiza@gmail.com", "email_verified": false, "phone_verified": false}', 'email', '2024-03-17 08:52:21.963128+00', '2024-03-17 08:52:21.96317+00', '2024-03-17 08:52:21.96317+00', 'aac4bc6a-a43f-4ad0-b774-ed32883e3c70'),
	('2f49238c-ed88-4d3d-bdc2-6912829958fa', '2f49238c-ed88-4d3d-bdc2-6912829958fa', '{"sub": "2f49238c-ed88-4d3d-bdc2-6912829958fa", "email": "jeffreyreasonda@gmail.com", "email_verified": false, "phone_verified": false}', 'email', '2024-03-17 08:52:21.964209+00', '2024-03-17 08:52:21.964261+00', '2024-03-17 08:52:21.964261+00', '757f519f-dbbb-4a9e-9ff5-21de994e7101'),
	('71d218f7-2499-4993-ac6a-bc8212a2741c', '71d218f7-2499-4993-ac6a-bc8212a2741c', '{"sub": "71d218f7-2499-4993-ac6a-bc8212a2741c", "email": "ronilolapena@gmail.com", "email_verified": false, "phone_verified": false}', 'email', '2024-03-17 08:52:21.964898+00', '2024-03-17 08:52:21.964948+00', '2024-03-17 08:52:21.964948+00', 'c9c0e865-5c8a-4091-adbf-1832b0d25d3a'),
	('ff6817e6-52b9-4c69-8ba4-13e727befab9', 'ff6817e6-52b9-4c69-8ba4-13e727befab9', '{"sub": "ff6817e6-52b9-4c69-8ba4-13e727befab9", "email": "johnjohncortez@gmail.com", "email_verified": false, "phone_verified": false}', 'email', '2024-03-17 08:52:21.965497+00', '2024-03-17 08:52:21.965561+00', '2024-03-17 08:52:21.965561+00', '9438f155-2225-4e12-92df-5375fc21b88e'),
	('07157ec6-d7bb-45f6-ae3c-63bc154b380a', '07157ec6-d7bb-45f6-ae3c-63bc154b380a', '{"sub": "07157ec6-d7bb-45f6-ae3c-63bc154b380a", "email": "mariotabilin@gmail.com", "email_verified": false, "phone_verified": false}', 'email', '2024-03-17 08:52:21.966337+00', '2024-03-17 08:52:21.966382+00', '2024-03-17 08:52:21.966382+00', 'a1516492-3cdb-4d8f-90fc-4615963d4d12'),
	('76683732-d9a1-4772-a0d9-1af6aa7aef07', '76683732-d9a1-4772-a0d9-1af6aa7aef07', '{"sub": "76683732-d9a1-4772-a0d9-1af6aa7aef07", "email": "jessiecontaoe@gmail.com", "email_verified": false, "phone_verified": false}', 'email', '2024-03-17 08:52:21.963313+00', '2024-03-17 08:52:21.963355+00', '2024-03-17 08:52:21.963355+00', 'fa27c384-f1f3-4817-bbfc-521ffeb7ac47'),
	('8b9295f0-b6fc-4b55-835e-4c4fc32a229b', '8b9295f0-b6fc-4b55-835e-4c4fc32a229b', '{"sub": "8b9295f0-b6fc-4b55-835e-4c4fc32a229b", "email": "erwincastillo@gmail.com", "email_verified": false, "phone_verified": false}', 'email', '2024-03-17 08:52:21.9013+00', '2024-03-17 08:52:21.901351+00', '2024-03-17 08:52:21.901351+00', '94e26bd3-c42a-42dc-81ec-72f10519d1f5'),
	('f6aa5621-a15e-456c-b8c9-ddce0d490032', 'f6aa5621-a15e-456c-b8c9-ddce0d490032', '{"sub": "f6aa5621-a15e-456c-b8c9-ddce0d490032", "email": "marvinacosta@gmail.com", "email_verified": false, "phone_verified": false}', 'email', '2024-03-17 08:52:21.972716+00', '2024-03-17 08:52:21.972798+00', '2024-03-17 08:52:21.972798+00', '55554242-2024-4c93-bce0-f613175b5524'),
	('5c01498d-988f-4070-866f-a933f0cb5c14', '5c01498d-988f-4070-866f-a933f0cb5c14', '{"sub": "5c01498d-988f-4070-866f-a933f0cb5c14", "email": "marvinrincoraya@gmail.com", "email_verified": false, "phone_verified": false}', 'email', '2024-03-17 08:52:21.9736+00', '2024-03-17 08:52:21.97366+00', '2024-03-17 08:52:21.97366+00', '68c5df39-e4dc-4d14-a457-95a0914a03af'),
	('063303ec-0d82-4852-ab0f-8332b59db3c8', '063303ec-0d82-4852-ab0f-8332b59db3c8', '{"sub": "063303ec-0d82-4852-ab0f-8332b59db3c8", "email": "emiljimenez@gmail.com", "email_verified": false, "phone_verified": false}', 'email', '2024-03-17 08:52:21.974637+00', '2024-03-17 08:52:21.974695+00', '2024-03-17 08:52:21.974695+00', '6a147a55-3602-45d9-b95c-59c1605ee333'),
	('156304d6-a833-48aa-b6d7-42d9bb2c6b68', '156304d6-a833-48aa-b6d7-42d9bb2c6b68', '{"sub": "156304d6-a833-48aa-b6d7-42d9bb2c6b68", "email": "albertcabang@gmail.com", "email_verified": false, "phone_verified": false}', 'email', '2024-03-17 08:52:21.973575+00', '2024-03-17 08:52:21.97363+00', '2024-03-17 08:52:21.97363+00', 'ae1d7cf9-5af3-4c92-b6d4-b8a9d1f46c5e'),
	('6869876e-5d1d-45ba-a3db-84288ca059cb', '6869876e-5d1d-45ba-a3db-84288ca059cb', '{"sub": "6869876e-5d1d-45ba-a3db-84288ca059cb", "email": "jerrycorales@gmail.com", "email_verified": false, "phone_verified": false}', 'email', '2024-03-17 08:52:21.977074+00', '2024-03-17 08:52:21.977144+00', '2024-03-17 08:52:21.977144+00', 'a15daed6-ca72-403e-aed1-afb7217a37f7'),
	('406e8740-bf68-4b25-9670-b963457182db', '406e8740-bf68-4b25-9670-b963457182db', '{"sub": "406e8740-bf68-4b25-9670-b963457182db", "email": "jimmyfabro@gmail.com", "email_verified": false, "phone_verified": false}', 'email', '2024-03-17 08:52:21.983763+00', '2024-03-17 08:52:21.983826+00', '2024-03-17 08:52:21.983826+00', '24bb9b96-7de9-4ec6-a55c-dba467bf97ea'),
	('2b5d10f6-f6cb-4cb0-ad8d-779ca583cae0', '2b5d10f6-f6cb-4cb0-ad8d-779ca583cae0', '{"sub": "2b5d10f6-f6cb-4cb0-ad8d-779ca583cae0", "email": "romeomatibag@gmail.com", "email_verified": false, "phone_verified": false}', 'email', '2024-03-17 08:52:21.98671+00', '2024-03-17 08:52:21.98676+00', '2024-03-17 08:52:21.98676+00', '2148b70c-7824-40f8-a85f-f77ed134df18'),
	('0d95406b-8860-4885-af82-4aedf6b6f436', '0d95406b-8860-4885-af82-4aedf6b6f436', '{"sub": "0d95406b-8860-4885-af82-4aedf6b6f436", "email": "gerardofajardo@gmail.com", "email_verified": false, "phone_verified": false}', 'email', '2024-03-17 08:52:21.987566+00', '2024-03-17 08:52:21.987616+00', '2024-03-17 08:52:21.987616+00', '7f2d5955-0754-4f8a-8549-83742b1b669d'),
	('d3b304d2-fe9c-4f73-865f-d4d2404a708a', 'd3b304d2-fe9c-4f73-865f-d4d2404a708a', '{"sub": "d3b304d2-fe9c-4f73-865f-d4d2404a708a", "email": "williammanibog@gmail.com", "email_verified": false, "phone_verified": false}', 'email', '2024-03-17 08:52:21.990698+00', '2024-03-17 08:52:21.99077+00', '2024-03-17 08:52:21.99077+00', 'c353c34f-ca0f-462b-abb7-c4c790da4a14'),
	('5373fc4d-e764-45b2-9caf-de4fc0a334ad', '5373fc4d-e764-45b2-9caf-de4fc0a334ad', '{"sub": "5373fc4d-e764-45b2-9caf-de4fc0a334ad", "email": "benjocorpuz@gmail.com", "email_verified": false, "phone_verified": false}', 'email', '2024-03-17 08:52:21.995308+00', '2024-03-17 08:52:21.995366+00', '2024-03-17 08:52:21.995366+00', '9b8d3864-7a28-483c-8268-9514117de461'),
	('fe3ef13b-20a3-4c40-9c59-3d6007c822a7', 'fe3ef13b-20a3-4c40-9c59-3d6007c822a7', '{"sub": "fe3ef13b-20a3-4c40-9c59-3d6007c822a7", "email": "joellaguna@gmail.com", "email_verified": false, "phone_verified": false}', 'email', '2024-03-17 08:52:22.039131+00', '2024-03-17 08:52:22.039194+00', '2024-03-17 08:52:22.039194+00', '476802bb-ba52-4f5d-a3c1-a4307246ec7d'),
	('0d280c20-c2fd-487e-a7d6-9164549ce646', '0d280c20-c2fd-487e-a7d6-9164549ce646', '{"sub": "0d280c20-c2fd-487e-a7d6-9164549ce646", "email": "arleenraga@gmail.com", "email_verified": false, "phone_verified": false}', 'email', '2024-03-17 08:52:22.001697+00', '2024-03-17 08:52:22.001759+00', '2024-03-17 08:52:22.001759+00', '4946109d-25ff-425b-acb5-9eed97e30a0e'),
	('3c0d5c53-9173-4901-af4b-e0123e8e5f78', '3c0d5c53-9173-4901-af4b-e0123e8e5f78', '{"sub": "3c0d5c53-9173-4901-af4b-e0123e8e5f78", "email": "allanbajesta@gmail.com", "email_verified": false, "phone_verified": false}', 'email', '2024-03-17 08:52:22.062759+00', '2024-03-17 08:52:22.062814+00', '2024-03-17 08:52:22.062814+00', 'c0331276-1c15-4e92-afa4-a171f72de65a'),
	('2cb342a3-08a6-455c-8cc0-88eafe0cde21', '2cb342a3-08a6-455c-8cc0-88eafe0cde21', '{"sub": "2cb342a3-08a6-455c-8cc0-88eafe0cde21", "email": "superadmin@urdaneta.gov.ph", "email_verified": false, "phone_verified": false}', 'email', '2024-03-17 08:52:22.005668+00', '2024-03-17 08:52:22.005964+00', '2024-03-17 08:52:22.005964+00', 'f476a13f-a356-450a-b3d0-0f8ecd8b418b'),
	('1ca73714-0ec3-4dbb-b2b1-010a5676c6ba', '1ca73714-0ec3-4dbb-b2b1-010a5676c6ba', '{"sub": "1ca73714-0ec3-4dbb-b2b1-010a5676c6ba", "email": "larryencarnacion@gmail.com", "email_verified": false, "phone_verified": false}', 'email', '2024-03-17 08:52:22.010545+00', '2024-03-17 08:52:22.010627+00', '2024-03-17 08:52:22.010627+00', 'b99e6d77-cc21-45e0-9b7d-3cc3244de6de'),
	('c7c796ce-d642-4c63-b4c3-d2e9a2bd625d', 'c7c796ce-d642-4c63-b4c3-d2e9a2bd625d', '{"sub": "c7c796ce-d642-4c63-b4c3-d2e9a2bd625d", "email": "raymundollero@gmail.com", "email_verified": false, "phone_verified": false}', 'email', '2024-03-17 08:52:22.013883+00', '2024-03-17 08:52:22.013933+00', '2024-03-17 08:52:22.013933+00', '178bd821-705b-4179-9034-1300982863a7'),
	('aef054fe-5f34-4bc8-aafd-ab26d226c70e', 'aef054fe-5f34-4bc8-aafd-ab26d226c70e', '{"sub": "aef054fe-5f34-4bc8-aafd-ab26d226c70e", "email": "dariomadronio@gmail.com", "email_verified": false, "phone_verified": false}', 'email', '2024-03-17 08:52:22.013433+00', '2024-03-17 08:52:22.013487+00', '2024-03-17 08:52:22.013487+00', '097ebbe5-2862-4415-a592-5a11151f249e'),
	('e3d1e9d3-fc73-4f51-b22d-2b7673299d44', 'e3d1e9d3-fc73-4f51-b22d-2b7673299d44', '{"sub": "e3d1e9d3-fc73-4f51-b22d-2b7673299d44", "email": "rexserafica@gmail.com", "email_verified": false, "phone_verified": false}', 'email', '2024-03-17 08:52:22.014315+00', '2024-03-17 08:52:22.014375+00', '2024-03-17 08:52:22.014375+00', '0a3825f3-8256-45be-9d6e-472ed2083713'),
	('c95acb0c-f80b-4268-8f41-a59b9ab5f7fc', 'c95acb0c-f80b-4268-8f41-a59b9ab5f7fc', '{"sub": "c95acb0c-f80b-4268-8f41-a59b9ab5f7fc", "email": "hernardfajardo@gmail.com", "email_verified": false, "phone_verified": false}', 'email', '2024-03-17 08:52:22.018248+00', '2024-03-17 08:52:22.018311+00', '2024-03-17 08:52:22.018311+00', '733a0c52-5a8d-4880-aee7-2ef1f46b2bbb'),
	('23fb8558-0915-4919-8873-88788f49c258', '23fb8558-0915-4919-8873-88788f49c258', '{"sub": "23fb8558-0915-4919-8873-88788f49c258", "email": "ericellasos@gmail.com", "email_verified": false, "phone_verified": false}', 'email', '2024-03-17 08:52:22.024094+00', '2024-03-17 08:52:22.024154+00', '2024-03-17 08:52:22.024154+00', '23eac6ea-bbcc-4f05-9a61-2626cd45b709'),
	('89326cd7-58c5-4d54-9ba7-d3f9c767c77e', '89326cd7-58c5-4d54-9ba7-d3f9c767c77e', '{"sub": "89326cd7-58c5-4d54-9ba7-d3f9c767c77e", "email": "juliustabion@gmail.com", "email_verified": false, "phone_verified": false}', 'email', '2024-03-17 08:52:22.024619+00', '2024-03-17 08:52:22.02468+00', '2024-03-17 08:52:22.02468+00', 'd71cb9dd-2611-4cb3-8f78-2eb0357ebf26'),
	('7cf1a44b-0fdc-461c-89b7-5bb4599fbde1', '7cf1a44b-0fdc-461c-89b7-5bb4599fbde1', '{"sub": "7cf1a44b-0fdc-461c-89b7-5bb4599fbde1", "email": "albertsunga@gmail.com", "email_verified": false, "phone_verified": false}', 'email', '2024-03-17 08:52:22.029285+00', '2024-03-17 08:52:22.029352+00', '2024-03-17 08:52:22.029352+00', 'ae5765aa-0a08-4a10-aed9-1fcdacc55cde'),
	('e0ddcb4a-9706-4419-8a02-1c021d16bc19', 'e0ddcb4a-9706-4419-8a02-1c021d16bc19', '{"sub": "e0ddcb4a-9706-4419-8a02-1c021d16bc19", "email": "rodelsanchez@gmail.com", "email_verified": false, "phone_verified": false}', 'email', '2024-03-17 08:52:22.039708+00', '2024-03-17 08:52:22.039756+00', '2024-03-17 08:52:22.039756+00', '7e385d21-5923-4fde-ab9e-11713a99afc5'),
	('bf528541-191f-4111-9a80-aa0f2f272105', 'bf528541-191f-4111-9a80-aa0f2f272105', '{"sub": "bf528541-191f-4111-9a80-aa0f2f272105", "email": "miketabobo@gmail.com", "email_verified": false, "phone_verified": false}', 'email', '2024-03-17 08:52:22.039131+00', '2024-03-17 08:52:22.039194+00', '2024-03-17 08:52:22.039194+00', '22c28b4a-b1f3-4582-bacc-2d8f2861d408'),
	('da0b33fc-e1d2-412a-9986-70aa78b964c7', 'da0b33fc-e1d2-412a-9986-70aa78b964c7', '{"sub": "da0b33fc-e1d2-412a-9986-70aa78b964c7", "email": "ildefonsodumpit@gmail.com", "email_verified": false, "phone_verified": false}', 'email', '2024-03-17 08:52:22.041098+00', '2024-03-17 08:52:22.041145+00', '2024-03-17 08:52:22.041145+00', '9d84f997-0292-4dcf-8e56-c78892a997d8'),
	('a38125d8-9ccf-4ef9-9e09-df17fa1cf005', 'a38125d8-9ccf-4ef9-9e09-df17fa1cf005', '{"sub": "a38125d8-9ccf-4ef9-9e09-df17fa1cf005", "email": "marianolazo@gmail.com", "email_verified": false, "phone_verified": false}', 'email', '2024-03-17 08:52:22.042204+00', '2024-03-17 08:52:22.042247+00', '2024-03-17 08:52:22.042247+00', '20d32184-d7c0-47dd-b8ff-de53978f4cd5'),
	('ed9eb4b2-9b76-4d65-a45a-4fb5ce7c71c1', 'ed9eb4b2-9b76-4d65-a45a-4fb5ce7c71c1', '{"sub": "ed9eb4b2-9b76-4d65-a45a-4fb5ce7c71c1", "email": "tirsocacondangan@gmail.com", "email_verified": false, "phone_verified": false}', 'email', '2024-03-17 08:52:22.042277+00', '2024-03-17 08:52:22.042362+00', '2024-03-17 08:52:22.042362+00', '39198de0-e6ef-4e3f-9799-d2399713bcda'),
	('080559f6-17ff-4f84-8760-aa73d74b5ed2', '080559f6-17ff-4f84-8760-aa73d74b5ed2', '{"sub": "080559f6-17ff-4f84-8760-aa73d74b5ed2", "email": "gbduyag@gmail.com", "email_verified": false, "phone_verified": false}', 'email', '2024-03-17 08:52:22.044668+00', '2024-03-17 08:52:22.044713+00', '2024-03-17 08:52:22.044713+00', '8c99d1d5-6313-486f-a29c-7aa9c435414f'),
	('27232133-d2ea-492b-8648-f7b5a62fc4e3', '27232133-d2ea-492b-8648-f7b5a62fc4e3', '{"sub": "27232133-d2ea-492b-8648-f7b5a62fc4e3", "email": "leandrodacasin@gmail.com", "email_verified": false, "phone_verified": false}', 'email', '2024-03-17 08:52:22.045188+00', '2024-03-17 08:52:22.045237+00', '2024-03-17 08:52:22.045237+00', '28b0b332-1cb8-44bf-b11a-f7448f87b770'),
	('a317f908-d71d-45d2-86d9-3665be2587b6', 'a317f908-d71d-45d2-86d9-3665be2587b6', '{"sub": "a317f908-d71d-45d2-86d9-3665be2587b6", "email": "junjunmamaradlo@gmail.com", "email_verified": false, "phone_verified": false}', 'email', '2024-03-17 08:52:22.045507+00', '2024-03-17 08:52:22.045999+00', '2024-03-17 08:52:22.045999+00', 'e95ab701-2120-44bd-bab8-1e8fa0fe693e'),
	('ed2c2646-7fa9-4b56-bde1-5519b5d562f5', 'ed2c2646-7fa9-4b56-bde1-5519b5d562f5', '{"sub": "ed2c2646-7fa9-4b56-bde1-5519b5d562f5", "email": "necomedezpalaylay@gmail.com", "email_verified": false, "phone_verified": false}', 'email', '2024-03-17 08:52:22.069307+00', '2024-03-17 08:52:22.069355+00', '2024-03-17 08:52:22.069355+00', '6edf6d73-3405-42a1-8345-d0799733f32f'),
	('c155c238-e122-46ee-9271-bd650c044fb3', 'c155c238-e122-46ee-9271-bd650c044fb3', '{"sub": "c155c238-e122-46ee-9271-bd650c044fb3", "email": "test@gmail.com", "email_verified": false, "phone_verified": false}', 'email', '2024-03-18 01:02:16.783963+00', '2024-03-18 01:02:16.78399+00', '2024-03-18 01:02:16.78399+00', '74953aa2-d6a7-445e-8640-4925b890a719'),
	('7c924ba8-a8c1-4324-989e-641acdfb185f', '7c924ba8-a8c1-4324-989e-641acdfb185f', '{"sub": "7c924ba8-a8c1-4324-989e-641acdfb185f", "email": "rochelleevaristo@urdaneta.gov.ph", "email_verified": false, "phone_verified": false}', 'email', '2024-03-19 06:32:35.297541+00', '2024-03-19 06:32:35.297568+00', '2024-03-19 06:32:35.297568+00', '6bc38cb9-178e-4076-a11c-997efd2e4aaf');


--
-- Data for Name: instances; Type: TABLE DATA; Schema: auth; Owner: supabase_auth_admin
--



--
-- Data for Name: sessions; Type: TABLE DATA; Schema: auth; Owner: supabase_auth_admin
--

INSERT INTO "auth"."sessions" ("id", "user_id", "created_at", "updated_at", "factor_id", "aal", "not_after", "refreshed_at", "user_agent", "ip", "tag") VALUES
	('44288af3-247a-4340-b7b8-ce665cba9a96', '2cb342a3-08a6-455c-8cc0-88eafe0cde21', '2024-03-20 00:42:44.94886+00', '2024-03-20 00:42:44.94886+00', NULL, 'aal1', NULL, NULL, 'node', '192.168.0.110', NULL),
	('4b00cd65-06ca-44ed-87e6-697dbd7a1e89', '2cb342a3-08a6-455c-8cc0-88eafe0cde21', '2024-03-20 00:43:04.916833+00', '2024-03-20 00:43:04.916833+00', NULL, 'aal1', NULL, NULL, 'node', '192.168.0.110', NULL),
	('206f1c7e-99eb-4046-aae6-d21501d0e60d', '2cb342a3-08a6-455c-8cc0-88eafe0cde21', '2024-03-20 00:43:04.922046+00', '2024-03-20 00:43:04.922046+00', NULL, 'aal1', NULL, NULL, 'node', '192.168.0.110', NULL),
	('57f22146-c32e-4039-bd5a-1b9e0b33ec3b', '2cb342a3-08a6-455c-8cc0-88eafe0cde21', '2024-03-20 00:43:04.928871+00', '2024-03-20 00:43:04.928871+00', NULL, 'aal1', NULL, NULL, 'node', '192.168.0.110', NULL),
	('f9d5e7ba-d5d2-4c04-bc4a-78262a9c3e17', '2cb342a3-08a6-455c-8cc0-88eafe0cde21', '2024-03-20 00:43:04.931542+00', '2024-03-20 00:43:04.931542+00', NULL, 'aal1', NULL, NULL, 'node', '192.168.0.110', NULL),
	('756a78b5-a874-403f-8535-ae23d5c83f29', '2cb342a3-08a6-455c-8cc0-88eafe0cde21', '2024-03-20 00:43:10.649689+00', '2024-03-20 00:43:10.649689+00', NULL, 'aal1', NULL, NULL, 'node', '192.168.0.110', NULL),
	('d3e09d04-e355-424f-ab1a-e39c97aae79c', '2cb342a3-08a6-455c-8cc0-88eafe0cde21', '2024-03-20 00:43:10.688659+00', '2024-03-20 00:43:10.688659+00', NULL, 'aal1', NULL, NULL, 'node', '192.168.0.110', NULL),
	('cd7f597e-2b1c-46a0-91af-8bd13738ce6c', '2cb342a3-08a6-455c-8cc0-88eafe0cde21', '2024-03-20 00:43:10.694973+00', '2024-03-20 00:43:10.694973+00', NULL, 'aal1', NULL, NULL, 'node', '192.168.0.110', NULL),
	('a6f4afa4-6aef-40b3-8de7-332f9e686aa1', '2cb342a3-08a6-455c-8cc0-88eafe0cde21', '2024-03-20 00:43:10.732523+00', '2024-03-20 07:46:48.870823+00', NULL, 'aal1', NULL, '2024-03-20 07:46:48.870686', 'Mozilla/5.0 (Windows NT 10.0; Win64; x64) AppleWebKit/537.36 (KHTML, like Gecko) Chrome/122.0.0.0 Safari/537.36 Edg/122.0.0.0', '192.168.0.110', NULL),
	('dde83af6-b778-4643-a41f-ba5124590d17', '7c924ba8-a8c1-4324-989e-641acdfb185f', '2024-03-20 00:33:32.125196+00', '2024-03-21 07:04:11.35472+00', NULL, 'aal1', NULL, '2024-03-21 07:04:11.354673', 'node', '172.18.0.1', NULL);


--
-- Data for Name: mfa_amr_claims; Type: TABLE DATA; Schema: auth; Owner: supabase_auth_admin
--

INSERT INTO "auth"."mfa_amr_claims" ("session_id", "created_at", "updated_at", "authentication_method", "id") VALUES
	('dde83af6-b778-4643-a41f-ba5124590d17', '2024-03-20 00:33:32.126756+00', '2024-03-20 00:33:32.126756+00', 'password', 'ccec1775-ec43-4f42-ac80-805bb49c27e0'),
	('44288af3-247a-4340-b7b8-ce665cba9a96', '2024-03-20 00:42:44.950581+00', '2024-03-20 00:42:44.950581+00', 'password', '890055d8-4c5f-4225-a1c7-e55e7b3cf783'),
	('4b00cd65-06ca-44ed-87e6-697dbd7a1e89', '2024-03-20 00:43:04.918328+00', '2024-03-20 00:43:04.918328+00', 'password', '1152277f-3a02-457b-be6b-24b6a6782ba1'),
	('206f1c7e-99eb-4046-aae6-d21501d0e60d', '2024-03-20 00:43:04.924121+00', '2024-03-20 00:43:04.924121+00', 'password', '25ee1e91-b219-400f-9221-917945be21fd'),
	('57f22146-c32e-4039-bd5a-1b9e0b33ec3b', '2024-03-20 00:43:04.931247+00', '2024-03-20 00:43:04.931247+00', 'password', '5df18475-7f43-4ffb-be0a-8662bebf0b28'),
	('f9d5e7ba-d5d2-4c04-bc4a-78262a9c3e17', '2024-03-20 00:43:04.933238+00', '2024-03-20 00:43:04.933238+00', 'password', 'bf6fe1b4-8282-483c-b07b-76c16f736ca5'),
	('756a78b5-a874-403f-8535-ae23d5c83f29', '2024-03-20 00:43:10.651135+00', '2024-03-20 00:43:10.651135+00', 'password', '14b28c76-d78c-414b-a8bb-201d16707b54'),
	('d3e09d04-e355-424f-ab1a-e39c97aae79c', '2024-03-20 00:43:10.689908+00', '2024-03-20 00:43:10.689908+00', 'password', 'c061c21f-2fc5-4179-a06b-ee6e6f8188ec'),
	('cd7f597e-2b1c-46a0-91af-8bd13738ce6c', '2024-03-20 00:43:10.696065+00', '2024-03-20 00:43:10.696065+00', 'password', '927b165e-247a-4c8b-8f53-31954c3813bf'),
	('a6f4afa4-6aef-40b3-8de7-332f9e686aa1', '2024-03-20 00:43:10.733953+00', '2024-03-20 00:43:10.733953+00', 'password', '8b388d5a-0d71-4e7e-a58b-5e373683f473');


--
-- Data for Name: mfa_factors; Type: TABLE DATA; Schema: auth; Owner: supabase_auth_admin
--



--
-- Data for Name: mfa_challenges; Type: TABLE DATA; Schema: auth; Owner: supabase_auth_admin
--



--
-- Data for Name: refresh_tokens; Type: TABLE DATA; Schema: auth; Owner: supabase_auth_admin
--

INSERT INTO "auth"."refresh_tokens" ("instance_id", "id", "token", "user_id", "revoked", "created_at", "updated_at", "parent", "session_id") VALUES
	('00000000-0000-0000-0000-000000000000', 116, 'K5rKV2J4_56oB7tAHWN8iA', '2cb342a3-08a6-455c-8cc0-88eafe0cde21', false, '2024-03-20 00:42:44.949595+00', '2024-03-20 00:42:44.949595+00', NULL, '44288af3-247a-4340-b7b8-ce665cba9a96'),
	('00000000-0000-0000-0000-000000000000', 117, 'fV1AM9woHDr3hVbSHWi2RQ', '2cb342a3-08a6-455c-8cc0-88eafe0cde21', false, '2024-03-20 00:43:04.917513+00', '2024-03-20 00:43:04.917513+00', NULL, '4b00cd65-06ca-44ed-87e6-697dbd7a1e89'),
	('00000000-0000-0000-0000-000000000000', 118, 'SEeNxfJi8O7h_AuN9yzPLg', '2cb342a3-08a6-455c-8cc0-88eafe0cde21', false, '2024-03-20 00:43:04.922718+00', '2024-03-20 00:43:04.922718+00', NULL, '206f1c7e-99eb-4046-aae6-d21501d0e60d'),
	('00000000-0000-0000-0000-000000000000', 119, '0dhifNiE8gSLJJhqkKTirw', '2cb342a3-08a6-455c-8cc0-88eafe0cde21', false, '2024-03-20 00:43:04.930055+00', '2024-03-20 00:43:04.930055+00', NULL, '57f22146-c32e-4039-bd5a-1b9e0b33ec3b'),
	('00000000-0000-0000-0000-000000000000', 120, '8T-mZFgIhnginhnkxUX6Rw', '2cb342a3-08a6-455c-8cc0-88eafe0cde21', false, '2024-03-20 00:43:04.932047+00', '2024-03-20 00:43:04.932047+00', NULL, 'f9d5e7ba-d5d2-4c04-bc4a-78262a9c3e17'),
	('00000000-0000-0000-0000-000000000000', 121, 'NXDCWaKVe1Csce3C1mNr-Q', '2cb342a3-08a6-455c-8cc0-88eafe0cde21', false, '2024-03-20 00:43:10.650249+00', '2024-03-20 00:43:10.650249+00', NULL, '756a78b5-a874-403f-8535-ae23d5c83f29'),
	('00000000-0000-0000-0000-000000000000', 122, 'w0EQm1esIiQZNyqtpnAqhA', '2cb342a3-08a6-455c-8cc0-88eafe0cde21', false, '2024-03-20 00:43:10.68912+00', '2024-03-20 00:43:10.68912+00', NULL, 'd3e09d04-e355-424f-ab1a-e39c97aae79c'),
	('00000000-0000-0000-0000-000000000000', 123, 'iXzum0WZtvztN9mbalNWkg', '2cb342a3-08a6-455c-8cc0-88eafe0cde21', false, '2024-03-20 00:43:10.695396+00', '2024-03-20 00:43:10.695396+00', NULL, 'cd7f597e-2b1c-46a0-91af-8bd13738ce6c'),
	('00000000-0000-0000-0000-000000000000', 115, 'Woel2vPvwFzHJLnP_s-TLg', '7c924ba8-a8c1-4324-989e-641acdfb185f', true, '2024-03-20 00:33:32.125902+00', '2024-03-20 01:31:51.568433+00', NULL, 'dde83af6-b778-4643-a41f-ba5124590d17'),
	('00000000-0000-0000-0000-000000000000', 125, 'OB4aLO6byveLXmGGm3DlAg', '7c924ba8-a8c1-4324-989e-641acdfb185f', true, '2024-03-20 01:31:51.568765+00', '2024-03-20 02:29:59.972863+00', 'Woel2vPvwFzHJLnP_s-TLg', 'dde83af6-b778-4643-a41f-ba5124590d17'),
	('00000000-0000-0000-0000-000000000000', 126, 'm3zpc-YBusgxXnadJ3ZCmA', '7c924ba8-a8c1-4324-989e-641acdfb185f', true, '2024-03-20 02:29:59.973163+00', '2024-03-20 05:32:07.274959+00', 'OB4aLO6byveLXmGGm3DlAg', 'dde83af6-b778-4643-a41f-ba5124590d17'),
	('00000000-0000-0000-0000-000000000000', 124, 'Vd4ssO7ROn-mcobv4Zrrwg', '2cb342a3-08a6-455c-8cc0-88eafe0cde21', true, '2024-03-20 00:43:10.733167+00', '2024-03-20 06:37:20.307562+00', NULL, 'a6f4afa4-6aef-40b3-8de7-332f9e686aa1'),
	('00000000-0000-0000-0000-000000000000', 127, 'CR1jTzxrxIkcM_YtA_M89w', '7c924ba8-a8c1-4324-989e-641acdfb185f', true, '2024-03-20 05:32:07.276956+00', '2024-03-20 06:38:56.666632+00', 'm3zpc-YBusgxXnadJ3ZCmA', 'dde83af6-b778-4643-a41f-ba5124590d17'),
	('00000000-0000-0000-0000-000000000000', 129, '_F4TV6RT8afPiQy-y_MvxA', '7c924ba8-a8c1-4324-989e-641acdfb185f', true, '2024-03-20 06:38:56.666869+00', '2024-03-20 07:37:05.403664+00', 'CR1jTzxrxIkcM_YtA_M89w', 'dde83af6-b778-4643-a41f-ba5124590d17'),
	('00000000-0000-0000-0000-000000000000', 128, 'L_3ivMMre_NDXeS22JnWRA', '2cb342a3-08a6-455c-8cc0-88eafe0cde21', true, '2024-03-20 06:37:20.307839+00', '2024-03-20 07:46:48.679072+00', 'Vd4ssO7ROn-mcobv4Zrrwg', 'a6f4afa4-6aef-40b3-8de7-332f9e686aa1'),
	('00000000-0000-0000-0000-000000000000', 131, 'C7olAFTX--vNvyfC3-_6Gg', '2cb342a3-08a6-455c-8cc0-88eafe0cde21', false, '2024-03-20 07:46:48.679958+00', '2024-03-20 07:46:48.679958+00', 'L_3ivMMre_NDXeS22JnWRA', 'a6f4afa4-6aef-40b3-8de7-332f9e686aa1'),
	('00000000-0000-0000-0000-000000000000', 130, '38M6TbXlUyGkBxJmuOCPaw', '7c924ba8-a8c1-4324-989e-641acdfb185f', true, '2024-03-20 07:37:05.404484+00', '2024-03-20 10:43:14.246759+00', '_F4TV6RT8afPiQy-y_MvxA', 'dde83af6-b778-4643-a41f-ba5124590d17'),
	('00000000-0000-0000-0000-000000000000', 132, 'ljBMFsTUhA7g4Rxp-QAXUw', '7c924ba8-a8c1-4324-989e-641acdfb185f', true, '2024-03-20 10:43:14.247329+00', '2024-03-20 12:22:49.227861+00', '38M6TbXlUyGkBxJmuOCPaw', 'dde83af6-b778-4643-a41f-ba5124590d17'),
	('00000000-0000-0000-0000-000000000000', 133, 'GEfOvt3DbS2yRwDsK9nBOg', '7c924ba8-a8c1-4324-989e-641acdfb185f', true, '2024-03-20 12:22:49.228122+00', '2024-03-21 07:04:11.347092+00', 'ljBMFsTUhA7g4Rxp-QAXUw', 'dde83af6-b778-4643-a41f-ba5124590d17'),
	('00000000-0000-0000-0000-000000000000', 166, 'f_0LtRf2Mss8ectmtjDnkw', '7c924ba8-a8c1-4324-989e-641acdfb185f', false, '2024-03-21 07:04:11.347587+00', '2024-03-21 07:04:11.347587+00', 'GEfOvt3DbS2yRwDsK9nBOg', 'dde83af6-b778-4643-a41f-ba5124590d17');


--
-- Data for Name: sso_providers; Type: TABLE DATA; Schema: auth; Owner: supabase_auth_admin
--



--
-- Data for Name: saml_providers; Type: TABLE DATA; Schema: auth; Owner: supabase_auth_admin
--



--
-- Data for Name: saml_relay_states; Type: TABLE DATA; Schema: auth; Owner: supabase_auth_admin
--



--
-- Data for Name: sso_domains; Type: TABLE DATA; Schema: auth; Owner: supabase_auth_admin
--



--
-- Data for Name: key; Type: TABLE DATA; Schema: pgsodium; Owner: supabase_admin
--



--
-- Data for Name: permissions; Type: TABLE DATA; Schema: public; Owner: postgres
--



--
-- Data for Name: roles; Type: TABLE DATA; Schema: public; Owner: postgres
--



--
-- Data for Name: _role_permissions; Type: TABLE DATA; Schema: public; Owner: postgres
--



--
-- Data for Name: tickets; Type: TABLE DATA; Schema: public; Owner: postgres
--



--
-- Data for Name: violations; Type: TABLE DATA; Schema: public; Owner: postgres
--

INSERT INTO "public"."violations" ("id", "name", "fine", "enabled", "created_by", "updated_by", "deleted_by", "created_at", "updated_at", "deleted_at") VALUES
	(2, 'No plate / No Travel', '{"big": {"1": 1500}, "small": {"1": 1500}}', true, '2cb342a3-08a6-455c-8cc0-88eafe0cde21', '2cb342a3-08a6-455c-8cc0-88eafe0cde21', NULL, '2024-03-18 07:57:56.446716', '2024-03-18 07:57:56.446716', NULL),
	(3, 'Reckless Driving', '{"big": {"1": 1000}, "small": {"1": 1000}}', true, '2cb342a3-08a6-455c-8cc0-88eafe0cde21', '2cb342a3-08a6-455c-8cc0-88eafe0cde21', NULL, '2024-03-18 07:59:42.130285', '2024-03-18 07:59:42.130285', NULL),
	(4, 'Not Wearing Seatbelt', '{"big": {"1": 1000, "2": 2000, "3": 5000}, "small": {}}', true, '2cb342a3-08a6-455c-8cc0-88eafe0cde21', '2cb342a3-08a6-455c-8cc0-88eafe0cde21', NULL, '2024-03-18 08:02:29.58309', '2024-03-18 08:02:29.58309', NULL),
	(5, 'Truck Ban 6:00am to & 6:00pm', '{"big": {"1": 1000}, "small": {}}', true, '2cb342a3-08a6-455c-8cc0-88eafe0cde21', '2cb342a3-08a6-455c-8cc0-88eafe0cde21', NULL, '2024-03-18 08:04:01.011665', '2024-03-18 08:04:01.011665', NULL),
	(6, 'Driving without license', '{"big": {"1": 1000}, "small": {"1": 1000}}', true, '2cb342a3-08a6-455c-8cc0-88eafe0cde21', '2cb342a3-08a6-455c-8cc0-88eafe0cde21', NULL, '2024-03-18 08:05:18.109659', '2024-03-18 08:05:18.109659', NULL),
	(7, 'City Ordinance #34 Tricycle (Coding)', '{"big": {}, "small": {"1": 500}}', true, '2cb342a3-08a6-455c-8cc0-88eafe0cde21', '2cb342a3-08a6-455c-8cc0-88eafe0cde21', NULL, '2024-03-18 08:07:17.978182', '2024-03-18 08:07:17.978182', NULL),
	(8, 'LOI 1428 (Tricycle Ban along National Road) 4136 SEC 37', '{"big": {}, "small": {"1": 1000}}', true, '2cb342a3-08a6-455c-8cc0-88eafe0cde21', '2cb342a3-08a6-455c-8cc0-88eafe0cde21', NULL, '2024-03-18 08:08:59.367272', '2024-03-18 08:08:59.367272', NULL),
	(40, 'Student Permit', '{"big":{"1":1000},"small":{"1":750}}', true, '2cb342a3-08a6-455c-8cc0-88eafe0cde21', '2cb342a3-08a6-455c-8cc0-88eafe0cde21', NULL, '2024-03-19 00:45:50.361634', '2024-03-19 00:45:50.361634', NULL),
	(41, 'No Mayor''s Permit', '{"big": {"1": {}}, "small": {"1": 1000}}', true, '2cb342a3-08a6-455c-8cc0-88eafe0cde21', '2cb342a3-08a6-455c-8cc0-88eafe0cde21', NULL, '2024-03-19 00:51:48.182517', '2024-03-19 00:51:48.182517', NULL),
	(42, 'Overpricing', '{"big": {"1": {}}, "small": {"1": 1000}}', true, '2cb342a3-08a6-455c-8cc0-88eafe0cde21', '2cb342a3-08a6-455c-8cc0-88eafe0cde21', NULL, '2024-03-19 00:52:36.743364', '2024-03-19 00:52:36.743364', NULL),
	(43, 'Muffler', '{"big": {"1": 1000}, "small": {"1": 1000}}', true, '2cb342a3-08a6-455c-8cc0-88eafe0cde21', '2cb342a3-08a6-455c-8cc0-88eafe0cde21', NULL, '2024-03-19 00:53:14.876189', '2024-03-19 00:53:14.876189', NULL),
	(44, 'Colorum', '{"big": {"1": 1000}, "small": {"1": 750}}', true, '2cb342a3-08a6-455c-8cc0-88eafe0cde21', '2cb342a3-08a6-455c-8cc0-88eafe0cde21', NULL, '2024-03-19 00:54:17.957328', '2024-03-19 00:54:17.957328', NULL),
	(45, 'Unregistered Vehicle', '{"big": {"1": 900}, "small": {"1": 900}}', true, '2cb342a3-08a6-455c-8cc0-88eafe0cde21', '2cb342a3-08a6-455c-8cc0-88eafe0cde21', NULL, '2024-03-19 00:56:00.865256', '2024-03-19 00:56:00.865256', NULL),
	(46, 'Overloading / Top Loading', '{"big": {"1": 800}, "small": {"1": 500}}', true, '2cb342a3-08a6-455c-8cc0-88eafe0cde21', '2cb342a3-08a6-455c-8cc0-88eafe0cde21', NULL, '2024-03-19 00:58:03.536495', '2024-03-19 00:58:03.536495', NULL),
	(47, 'Refuse to Sign', '{"big": {"1": 750}, "small": {"1": 500}}', true, '2cb342a3-08a6-455c-8cc0-88eafe0cde21', '2cb342a3-08a6-455c-8cc0-88eafe0cde21', NULL, '2024-03-19 00:59:31.198943', '2024-03-19 00:59:31.198943', NULL),
	(48, 'Arrogant / Discourteous', '{"big": {"1": 500}, "small": {"1": 500}}', true, '2cb342a3-08a6-455c-8cc0-88eafe0cde21', '2cb342a3-08a6-455c-8cc0-88eafe0cde21', NULL, '2024-03-19 01:01:26.095056', '2024-03-19 01:01:26.095056', NULL),
	(49, 'One Way Traffic Violations / Counter Flow', '{"big": {"1": 500}, "small": {"1": 200}}', true, '2cb342a3-08a6-455c-8cc0-88eafe0cde21', '2cb342a3-08a6-455c-8cc0-88eafe0cde21', NULL, '2024-03-19 01:03:17.507806', '2024-03-19 01:03:17.507806', NULL),
	(51, 'Disregarding Traffic Order', '{"big": {"1": 500}, "small": {"1": 500}}', true, '2cb342a3-08a6-455c-8cc0-88eafe0cde21', '2cb342a3-08a6-455c-8cc0-88eafe0cde21', NULL, '2024-03-19 01:05:46.841669', '2024-03-19 01:05:46.841669', NULL),
	(52, 'No Loading / Unloading', '{"big": {"1": 300}, "small": {"1": 300}}', true, '2cb342a3-08a6-455c-8cc0-88eafe0cde21', '2cb342a3-08a6-455c-8cc0-88eafe0cde21', NULL, '2024-03-19 01:07:12.428933', '2024-03-19 01:07:12.428933', NULL),
	(53, 'Driving in Slippers / Sleeveless', '{"big": {"1": 300}, "small": {"1": 100}}', true, '2cb342a3-08a6-455c-8cc0-88eafe0cde21', '2cb342a3-08a6-455c-8cc0-88eafe0cde21', NULL, '2024-03-19 01:08:43.131338', '2024-03-19 01:08:43.131338', NULL),
	(54, 'Unattended / illegally Parked Vehicle', '{"big": {"1": 300}, "small": {"1": 100}}', true, '2cb342a3-08a6-455c-8cc0-88eafe0cde21', '2cb342a3-08a6-455c-8cc0-88eafe0cde21', NULL, '2024-03-19 01:11:19.091496', '2024-03-19 01:11:19.091496', NULL),
	(55, 'Traffic Obstruction', '{"big": {"1": 300}, "small": {"1": 100}}', true, '2cb342a3-08a6-455c-8cc0-88eafe0cde21', '2cb342a3-08a6-455c-8cc0-88eafe0cde21', NULL, '2024-03-19 01:12:12.550175', '2024-03-19 01:12:12.550175', NULL),
	(56, 'No U-Turn', '{"big": {"1": 300}, "small": {"1": 300}}', true, '2cb342a3-08a6-455c-8cc0-88eafe0cde21', '2cb342a3-08a6-455c-8cc0-88eafe0cde21', NULL, '2024-03-19 01:13:03.420464', '2024-03-19 01:13:03.420464', NULL),
	(57, 'Disregading Traffic Sign / Light / Failure to obey police order / enforcer', '{"big": {"1": 300}, "small": {"1": 300}}', true, '2cb342a3-08a6-455c-8cc0-88eafe0cde21', '2cb342a3-08a6-455c-8cc0-88eafe0cde21', NULL, '2024-03-19 01:14:37.444937', '2024-03-19 01:14:37.444937', NULL),
	(58, 'OR / CR not carried', '{"big": {"1": 300}, "small": {"1": 300}}', true, '2cb342a3-08a6-455c-8cc0-88eafe0cde21', '2cb342a3-08a6-455c-8cc0-88eafe0cde21', NULL, '2024-03-19 01:15:37.247117', '2024-03-19 01:15:37.247117', NULL),
	(50, 'No Helmet', '{"big":{"1":{}},"small":{"1":500}}', true, '2cb342a3-08a6-455c-8cc0-88eafe0cde21', '2cb342a3-08a6-455c-8cc0-88eafe0cde21', NULL, '2024-03-19 01:04:23.039409', '2024-03-19 01:04:23.039409', NULL),
	(1, 'Driving under the influence of liquordwwdw', '{"big": {"1": 2000}, "small": {"1": 2000}}', true, '2cb342a3-08a6-455c-8cc0-88eafe0cde21', '2cb342a3-08a6-455c-8cc0-88eafe0cde21', NULL, '2024-03-18 07:53:52.530847', '2024-03-18 07:53:52.530847', NULL);


--
-- Data for Name: _ticket_violations; Type: TABLE DATA; Schema: public; Owner: postgres
--



--
-- Data for Name: employees; Type: TABLE DATA; Schema: public; Owner: postgres
--

INSERT INTO "public"."employees" ("id", "first_name", "middle_name", "last_name", "suffix", "status", "birthdate", "employee_no", "role", "user_id", "created_by", "updated_by", "deleted_by", "created_at", "updated_at", "deleted_at") VALUES
	(187, 'Albert', '', 'Cabang', '', 'active', '2000-01-01', NULL, '{"type":"enforcer"}', '156304d6-a833-48aa-b6d7-42d9bb2c6b68', '2cb342a3-08a6-455c-8cc0-88eafe0cde21', '2cb342a3-08a6-455c-8cc0-88eafe0cde21', NULL, '2024-03-19 06:21:34.93802+00', '2024-03-19 06:21:34.93802+00', NULL),
	(188, 'Jorge', '', 'Javier', '', 'active', '2000-01-01', NULL, '{"type":"enforcer"}', '10d8827f-f1f3-4847-aeb6-4bd2d8ad761b', '2cb342a3-08a6-455c-8cc0-88eafe0cde21', '2cb342a3-08a6-455c-8cc0-88eafe0cde21', NULL, '2024-03-19 06:21:34.942919+00', '2024-03-19 06:21:34.942919+00', NULL),
	(189, 'Jovani', '', 'Tani', '', 'active', '2000-01-01', NULL, '{"type":"enforcer"}', '2ab68b13-3d2e-43b0-9bdf-84b7ac485a73', '2cb342a3-08a6-455c-8cc0-88eafe0cde21', '2cb342a3-08a6-455c-8cc0-88eafe0cde21', NULL, '2024-03-19 06:21:34.944958+00', '2024-03-19 06:21:34.944958+00', NULL),
	(190, 'Rodel', '', 'Sanchez', '', 'active', '2000-01-01', NULL, '{"type":"enforcer"}', 'e0ddcb4a-9706-4419-8a02-1c021d16bc19', '2cb342a3-08a6-455c-8cc0-88eafe0cde21', '2cb342a3-08a6-455c-8cc0-88eafe0cde21', NULL, '2024-03-19 06:21:34.948493+00', '2024-03-19 06:21:34.948493+00', NULL),
	(194, 'Mario', '', 'Tabilin', '', 'active', '2000-01-01', NULL, '{"type":"enforcer"}', '07157ec6-d7bb-45f6-ae3c-63bc154b380a', '2cb342a3-08a6-455c-8cc0-88eafe0cde21', '2cb342a3-08a6-455c-8cc0-88eafe0cde21', NULL, '2024-03-19 06:21:34.953472+00', '2024-03-19 06:21:34.953472+00', NULL),
	(196, 'Ildefonso', '', 'Dumpit', '', 'active', '2000-01-01', NULL, '{"type":"enforcer"}', 'da0b33fc-e1d2-412a-9986-70aa78b964c7', '2cb342a3-08a6-455c-8cc0-88eafe0cde21', '2cb342a3-08a6-455c-8cc0-88eafe0cde21', NULL, '2024-03-19 06:21:34.954726+00', '2024-03-19 06:21:34.954726+00', NULL),
	(197, 'GB', '', 'Duyag', '', 'active', '2000-01-01', NULL, '{"type":"enforcer"}', '080559f6-17ff-4f84-8760-aa73d74b5ed2', '2cb342a3-08a6-455c-8cc0-88eafe0cde21', '2cb342a3-08a6-455c-8cc0-88eafe0cde21', NULL, '2024-03-19 06:21:34.953241+00', '2024-03-19 06:21:34.953241+00', NULL),
	(199, 'Albert', '', 'Sunga', '', 'active', '2000-01-01', NULL, '{"type":"enforcer"}', '7cf1a44b-0fdc-461c-89b7-5bb4599fbde1', '2cb342a3-08a6-455c-8cc0-88eafe0cde21', '2cb342a3-08a6-455c-8cc0-88eafe0cde21', NULL, '2024-03-19 06:21:34.957078+00', '2024-03-19 06:21:34.957078+00', NULL),
	(201, 'Larry', '', 'Encarnacion', '', 'active', '2000-01-01', NULL, '{"type":"enforcer"}', '1ca73714-0ec3-4dbb-b2b1-010a5676c6ba', '2cb342a3-08a6-455c-8cc0-88eafe0cde21', '2cb342a3-08a6-455c-8cc0-88eafe0cde21', NULL, '2024-03-19 06:21:34.956476+00', '2024-03-19 06:21:34.956476+00', NULL),
	(202, 'Benjo', '', 'Corpuz', '', 'active', '2000-01-01', NULL, '{"type":"enforcer"}', '5373fc4d-e764-45b2-9caf-de4fc0a334ad', '2cb342a3-08a6-455c-8cc0-88eafe0cde21', '2cb342a3-08a6-455c-8cc0-88eafe0cde21', NULL, '2024-03-19 06:21:34.960457+00', '2024-03-19 06:21:34.960457+00', NULL),
	(203, 'Eric', '', 'Ellasos', '', 'active', '2000-01-01', NULL, '{"type":"enforcer"}', '23fb8558-0915-4919-8873-88788f49c258', '2cb342a3-08a6-455c-8cc0-88eafe0cde21', '2cb342a3-08a6-455c-8cc0-88eafe0cde21', NULL, '2024-03-19 06:21:34.955377+00', '2024-03-19 06:21:34.955377+00', NULL),
	(207, 'Jimmy', '', 'Fabro', '', 'active', '2000-01-01', NULL, '{"type":"enforcer"}', '406e8740-bf68-4b25-9670-b963457182db', '2cb342a3-08a6-455c-8cc0-88eafe0cde21', '2cb342a3-08a6-455c-8cc0-88eafe0cde21', NULL, '2024-03-19 06:21:34.960609+00', '2024-03-19 06:21:34.960609+00', NULL),
	(210, 'Jessie', '', 'Contaoe', '', 'active', '2000-01-01', NULL, '{"type":"enforcer"}', '76683732-d9a1-4772-a0d9-1af6aa7aef07', '2cb342a3-08a6-455c-8cc0-88eafe0cde21', '2cb342a3-08a6-455c-8cc0-88eafe0cde21', NULL, '2024-03-19 06:21:34.963445+00', '2024-03-19 06:21:34.963445+00', NULL),
	(213, 'Roel', '', 'Lucena', '', 'active', '2000-01-01', NULL, '{"type":"enforcer"}', '44b8cc2a-923b-4a6a-bdb5-52eaaa6d900e', '2cb342a3-08a6-455c-8cc0-88eafe0cde21', '2cb342a3-08a6-455c-8cc0-88eafe0cde21', NULL, '2024-03-19 06:21:34.965137+00', '2024-03-19 06:21:34.965137+00', NULL),
	(214, 'Tirso', '', 'Cacondangan', '', 'active', '2000-01-01', NULL, '{"type":"enforcer"}', 'ed9eb4b2-9b76-4d65-a45a-4fb5ce7c71c1', '2cb342a3-08a6-455c-8cc0-88eafe0cde21', '2cb342a3-08a6-455c-8cc0-88eafe0cde21', NULL, '2024-03-19 06:21:34.965165+00', '2024-03-19 06:21:34.965165+00', NULL),
	(215, 'Nicomedez', '', 'Palaylay', '', 'active', '2000-01-01', NULL, '{"type":"enforcer"}', 'ed2c2646-7fa9-4b56-bde1-5519b5d562f5', '2cb342a3-08a6-455c-8cc0-88eafe0cde21', '2cb342a3-08a6-455c-8cc0-88eafe0cde21', NULL, '2024-03-19 06:21:34.967413+00', '2024-03-19 06:21:34.967413+00', NULL),
	(217, 'Leandro', '', 'Dacasin', '', 'active', '2000-01-01', NULL, '{"type":"enforcer"}', '27232133-d2ea-492b-8648-f7b5a62fc4e3', '2cb342a3-08a6-455c-8cc0-88eafe0cde21', '2cb342a3-08a6-455c-8cc0-88eafe0cde21', NULL, '2024-03-19 06:21:34.967648+00', '2024-03-19 06:21:34.967648+00', NULL),
	(218, 'Emil', '', 'Jimenez', '', 'active', '2000-01-01', NULL, '{"type":"enforcer"}', '063303ec-0d82-4852-ab0f-8332b59db3c8', '2cb342a3-08a6-455c-8cc0-88eafe0cde21', '2cb342a3-08a6-455c-8cc0-88eafe0cde21', NULL, '2024-03-19 06:21:34.967588+00', '2024-03-19 06:21:34.967588+00', NULL),
	(219, 'Jeffrey', '', 'Reasonda', '', 'active', '2000-01-01', NULL, '{"type":"enforcer"}', '2f49238c-ed88-4d3d-bdc2-6912829958fa', '2cb342a3-08a6-455c-8cc0-88eafe0cde21', '2cb342a3-08a6-455c-8cc0-88eafe0cde21', NULL, '2024-03-19 06:21:34.967693+00', '2024-03-19 06:21:34.967693+00', NULL),
	(220, 'John John', '', 'Cortez', '', 'active', '2000-01-01', NULL, '{"type":"enforcer"}', 'ff6817e6-52b9-4c69-8ba4-13e727befab9', '2cb342a3-08a6-455c-8cc0-88eafe0cde21', '2cb342a3-08a6-455c-8cc0-88eafe0cde21', NULL, '2024-03-19 06:21:34.968725+00', '2024-03-19 06:21:34.968725+00', NULL),
	(223, 'Marvin', '', 'Acosta', '', 'active', '2000-01-01', NULL, '{"type":"enforcer"}', 'f6aa5621-a15e-456c-b8c9-ddce0d490032', '2cb342a3-08a6-455c-8cc0-88eafe0cde21', '2cb342a3-08a6-455c-8cc0-88eafe0cde21', NULL, '2024-03-19 06:21:34.970695+00', '2024-03-19 06:21:34.970695+00', NULL),
	(228, 'Johnry', '', 'Gabertan', '', 'active', '2000-01-01', NULL, '{"type":"enforcer"}', 'c3d0a04c-a8f1-45f7-a109-3f669d228e47', '2cb342a3-08a6-455c-8cc0-88eafe0cde21', '2cb342a3-08a6-455c-8cc0-88eafe0cde21', NULL, '2024-03-19 06:21:34.970678+00', '2024-03-19 06:21:34.970678+00', NULL),
	(230, 'Rex', '', 'Serafica', '', 'active', '2000-01-01', NULL, '{"type":"enforcer"}', 'e3d1e9d3-fc73-4f51-b22d-2b7673299d44', '2cb342a3-08a6-455c-8cc0-88eafe0cde21', '2cb342a3-08a6-455c-8cc0-88eafe0cde21', NULL, '2024-03-19 06:21:34.97069+00', '2024-03-19 06:21:34.97069+00', NULL),
	(234, 'Hernard', '', 'Fajardo', '', 'active', '2000-01-01', NULL, '{"type":"enforcer"}', 'c95acb0c-f80b-4268-8f41-a59b9ab5f7fc', '2cb342a3-08a6-455c-8cc0-88eafe0cde21', '2cb342a3-08a6-455c-8cc0-88eafe0cde21', NULL, '2024-03-19 06:21:38.884607+00', '2024-03-19 06:21:38.884607+00', NULL),
	(244, 'William', '', 'Manibog', '', 'active', '2000-01-01', NULL, '{"type":"enforcer"}', 'd3b304d2-fe9c-4f73-865f-d4d2404a708a', '2cb342a3-08a6-455c-8cc0-88eafe0cde21', '2cb342a3-08a6-455c-8cc0-88eafe0cde21', NULL, '2024-03-19 06:21:38.897542+00', '2024-03-19 06:21:38.897542+00', NULL),
	(272, 'Joel', '', 'Cacatian', '', 'active', '2000-01-01', NULL, '{"type":"enforcer"}', 'bda8f445-5d77-4911-aa03-46090759bcb2', '2cb342a3-08a6-455c-8cc0-88eafe0cde21', '2cb342a3-08a6-455c-8cc0-88eafe0cde21', NULL, '2024-03-19 06:21:38.912751+00', '2024-03-19 06:21:38.912751+00', NULL),
	(262, 'Ronilo', '', 'Rapena', '', 'active', '2000-01-01', NULL, '{"type":"enforcer"}', '71d218f7-2499-4993-ac6a-bc8212a2741c', '2cb342a3-08a6-455c-8cc0-88eafe0cde21', '2cb342a3-08a6-455c-8cc0-88eafe0cde21', NULL, '2024-03-19 06:21:38.910064+00', '2024-03-19 06:21:38.910064+00', NULL),
	(270, 'Arleen', '', 'Raga', '', 'active', '2000-01-01', NULL, '{"type":"enforcer"}', '0d280c20-c2fd-487e-a7d6-9164549ce646', '2cb342a3-08a6-455c-8cc0-88eafe0cde21', '2cb342a3-08a6-455c-8cc0-88eafe0cde21', NULL, '2024-03-19 06:21:38.912743+00', '2024-03-19 06:21:38.912743+00', NULL),
	(241, 'Dario', '', 'Madronio', '', 'active', '2000-01-01', NULL, '{"type":"enforcer"}', 'aef054fe-5f34-4bc8-aafd-ab26d226c70e', '2cb342a3-08a6-455c-8cc0-88eafe0cde21', '2cb342a3-08a6-455c-8cc0-88eafe0cde21', NULL, '2024-03-19 06:21:38.88522+00', '2024-03-19 06:21:38.88522+00', NULL),
	(246, 'Jerry', '', 'Corales', '', 'active', '2000-01-01', NULL, '{"type":"enforcer"}', '6869876e-5d1d-45ba-a3db-84288ca059cb', '2cb342a3-08a6-455c-8cc0-88eafe0cde21', '2cb342a3-08a6-455c-8cc0-88eafe0cde21', NULL, '2024-03-19 06:21:38.897543+00', '2024-03-19 06:21:38.897543+00', NULL),
	(256, 'Marlon', '', 'Figuracion', '', 'active', '2000-01-01', NULL, '{"type":"enforcer"}', 'dbfdc8a2-9536-4b60-bb75-b4445aa5dedb', '2cb342a3-08a6-455c-8cc0-88eafe0cde21', '2cb342a3-08a6-455c-8cc0-88eafe0cde21', NULL, '2024-03-19 06:21:38.90909+00', '2024-03-19 06:21:38.90909+00', NULL),
	(273, 'Gerardo', '', 'Fajardo', '', 'active', '2000-01-01', NULL, '{"type":"enforcer"}', '0d95406b-8860-4885-af82-4aedf6b6f436', '2cb342a3-08a6-455c-8cc0-88eafe0cde21', '2cb342a3-08a6-455c-8cc0-88eafe0cde21', NULL, '2024-03-19 06:21:38.912722+00', '2024-03-19 06:21:38.912722+00', NULL),
	(242, 'Raymund', '', 'Ollero', '', 'active', '2000-01-01', NULL, '{"type":"enforcer"}', 'c7c796ce-d642-4c63-b4c3-d2e9a2bd625d', '2cb342a3-08a6-455c-8cc0-88eafe0cde21', '2cb342a3-08a6-455c-8cc0-88eafe0cde21', NULL, '2024-03-19 06:21:38.892707+00', '2024-03-19 06:21:38.892707+00', NULL),
	(259, 'Noel', '', 'Fernandez', '', 'active', '2000-01-01', NULL, '{"type":"enforcer"}', 'a72706f0-a6bb-4da9-9cea-90fbba9f6460', '2cb342a3-08a6-455c-8cc0-88eafe0cde21', '2cb342a3-08a6-455c-8cc0-88eafe0cde21', NULL, '2024-03-19 06:21:38.910089+00', '2024-03-19 06:21:38.910089+00', NULL),
	(274, 'Princess', '', 'Raquiza', '', 'active', '2000-01-01', NULL, '{"type":"enforcer"}', '4edfb48c-a15e-4805-bda4-9a78e90bc35a', '2cb342a3-08a6-455c-8cc0-88eafe0cde21', '2cb342a3-08a6-455c-8cc0-88eafe0cde21', NULL, '2024-03-19 06:21:38.912735+00', '2024-03-19 06:21:38.912735+00', NULL),
	(243, 'Mike', '', 'Tabobo', '', 'active', '2000-01-01', NULL, '{"type":"enforcer"}', 'bf528541-191f-4111-9a80-aa0f2f272105', '2cb342a3-08a6-455c-8cc0-88eafe0cde21', '2cb342a3-08a6-455c-8cc0-88eafe0cde21', NULL, '2024-03-19 06:21:38.897687+00', '2024-03-19 06:21:38.897687+00', NULL),
	(245, 'Diosdado', '', 'Adviento', '', 'active', '2000-01-01', NULL, '{"type":"enforcer"}', '1da355c7-7803-4673-9be9-fe442c4039c2', '2cb342a3-08a6-455c-8cc0-88eafe0cde21', '2cb342a3-08a6-455c-8cc0-88eafe0cde21', NULL, '2024-03-19 06:21:38.897593+00', '2024-03-19 06:21:38.897593+00', NULL),
	(257, 'Joel', '', 'Laguna', '', 'active', '2000-01-01', NULL, '{"type":"enforcer"}', 'fe3ef13b-20a3-4c40-9c59-3d6007c822a7', '2cb342a3-08a6-455c-8cc0-88eafe0cde21', '2cb342a3-08a6-455c-8cc0-88eafe0cde21', NULL, '2024-03-19 06:21:38.90909+00', '2024-03-19 06:21:38.90909+00', NULL),
	(250, 'Romeo', '', 'Matibag', '', 'active', '2000-01-01', NULL, '{"type":"enforcer"}', '2b5d10f6-f6cb-4cb0-ad8d-779ca583cae0', '2cb342a3-08a6-455c-8cc0-88eafe0cde21', '2cb342a3-08a6-455c-8cc0-88eafe0cde21', NULL, '2024-03-19 06:21:38.898327+00', '2024-03-19 06:21:38.898327+00', NULL),
	(260, 'Allan', '', 'Bajesta', '', 'active', '2000-01-01', NULL, '{"type":"enforcer"}', '3c0d5c53-9173-4901-af4b-e0123e8e5f78', '2cb342a3-08a6-455c-8cc0-88eafe0cde21', '2cb342a3-08a6-455c-8cc0-88eafe0cde21', NULL, '2024-03-19 06:21:38.91012+00', '2024-03-19 06:21:38.91012+00', NULL),
	(264, 'Julius', '', 'Tabion', '', 'active', '2000-01-01', NULL, '{"type":"enforcer"}', '89326cd7-58c5-4d54-9ba7-d3f9c767c77e', '2cb342a3-08a6-455c-8cc0-88eafe0cde21', '2cb342a3-08a6-455c-8cc0-88eafe0cde21', NULL, '2024-03-19 06:21:38.910102+00', '2024-03-19 06:21:38.910102+00', NULL),
	(254, 'Marvin', '', 'Rincoraya', '', 'active', '2000-01-01', NULL, '{"type":"enforcer"}', '5c01498d-988f-4070-866f-a933f0cb5c14', '2cb342a3-08a6-455c-8cc0-88eafe0cde21', '2cb342a3-08a6-455c-8cc0-88eafe0cde21', NULL, '2024-03-19 06:21:38.898356+00', '2024-03-19 06:21:38.898356+00', NULL),
	(263, 'Jun Jun', '', 'Mamaradlo', '', 'active', '2000-01-01', NULL, '{"type":"enforcer"}', 'a317f908-d71d-45d2-86d9-3665be2587b6', '2cb342a3-08a6-455c-8cc0-88eafe0cde21', '2cb342a3-08a6-455c-8cc0-88eafe0cde21', NULL, '2024-03-19 06:21:38.910064+00', '2024-03-19 06:21:38.910064+00', NULL),
	(186, 'Erwin', '', 'Castillo', '', 'active', '2000-01-01', NULL, '{"type":"enforcer"}', '8b9295f0-b6fc-4b55-835e-4c4fc32a229b', '2cb342a3-08a6-455c-8cc0-88eafe0cde21', '2cb342a3-08a6-455c-8cc0-88eafe0cde21', NULL, '2024-03-19 06:16:42.876035+00', '2024-03-19 06:16:42.876035+00', NULL),
	(0, 'Super', '', 'Admin', '', 'active', '2000-01-01', '0000', '{"type":"superadmin"}', '2cb342a3-08a6-455c-8cc0-88eafe0cde21', '2cb342a3-08a6-455c-8cc0-88eafe0cde21', '2cb342a3-08a6-455c-8cc0-88eafe0cde21', NULL, '2024-03-19 06:29:52.64014+00', '2024-03-19 06:29:52.64014+00', NULL),
	(279, 'Rochelle', '', 'Evaristo', '', 'active', '2000-01-01', NULL, '{"type":"staff"}', '7c924ba8-a8c1-4324-989e-641acdfb185f', '2cb342a3-08a6-455c-8cc0-88eafe0cde21', '2cb342a3-08a6-455c-8cc0-88eafe0cde21', NULL, '2024-03-19 06:34:34.513096+00', '2024-03-19 06:34:34.513096+00', NULL),
	(268, 'Mariano', '', 'Lazo', '', 'active', '2000-01-01', NULL, '{"type":"enforcer"}', 'a38125d8-9ccf-4ef9-9e09-df17fa1cf005', '2cb342a3-08a6-455c-8cc0-88eafe0cde21', '2cb342a3-08a6-455c-8cc0-88eafe0cde21', NULL, '2024-03-19 06:21:38.911883+00', '2024-03-19 06:21:38.911883+00', NULL);


--
-- Data for Name: impounds; Type: TABLE DATA; Schema: public; Owner: postgres
--



--
-- Data for Name: ticket_issue_location; Type: TABLE DATA; Schema: public; Owner: postgres
--



--
-- Data for Name: ticket_numbers_auto; Type: TABLE DATA; Schema: public; Owner: postgres
--



--
-- Data for Name: ticket_numbers_manual; Type: TABLE DATA; Schema: public; Owner: postgres
--



--
-- Data for Name: ticket_payment; Type: TABLE DATA; Schema: public; Owner: postgres
--



--
-- Data for Name: traffic_posts; Type: TABLE DATA; Schema: public; Owner: postgres
--

INSERT INTO "public"."traffic_posts" ("id", "name", "address", "latitude", "longitude", "enabled", "created_by", "updated_by", "deleted_by", "created_at ", "updated_at", "deleted_at") VALUES
	(1, 'Post 1', 'Urdaneta (Old City Hall)', 15.976192106907558, 120.56716281088612, true, '2cb342a3-08a6-455c-8cc0-88eafe0cde21', '2cb342a3-08a6-455c-8cc0-88eafe0cde21', NULL, '2024-03-18 07:26:15.95658', '2024-03-18 07:26:15.95658', NULL),
	(2, 'Post 2', 'Urdaneta (Old City Hall)', 15.976192106907558, 120.56716281088612, true, '2cb342a3-08a6-455c-8cc0-88eafe0cde21', '2cb342a3-08a6-455c-8cc0-88eafe0cde21', NULL, '2024-03-18 07:28:18.08621', '2024-03-18 07:28:18.08621', NULL),
	(3, 'Post 3', 'Urdaneta (Old City Hall)', 15.976192106907558, 120.56716281088612, true, '2cb342a3-08a6-455c-8cc0-88eafe0cde21', '2cb342a3-08a6-455c-8cc0-88eafe0cde21', NULL, '2024-03-18 07:29:15.599458', '2024-03-18 07:29:15.599458', NULL),
	(4, 'Post 4', 'Urdaneta (Old City Hall)', 15.976192106907558, 120.56716281088612, true, '2cb342a3-08a6-455c-8cc0-88eafe0cde21', '2cb342a3-08a6-455c-8cc0-88eafe0cde21', NULL, '2024-03-18 07:30:21.879975', '2024-03-18 07:30:21.879975', NULL),
	(5, 'Post 5', 'Urdaneta (Old City Hall)', 15.976192106907558, 120.56716281088612, true, '2cb342a3-08a6-455c-8cc0-88eafe0cde21', '2cb342a3-08a6-455c-8cc0-88eafe0cde21', NULL, '2024-03-18 07:31:06.624909', '2024-03-18 07:31:06.624909', NULL),
	(6, 'Post 6', 'Urdaneta (Old City Hall)', 15.976192106907558, 120.56716281088612, true, '2cb342a3-08a6-455c-8cc0-88eafe0cde21', '2cb342a3-08a6-455c-8cc0-88eafe0cde21', NULL, '2024-03-18 07:31:53.469248', '2024-03-18 07:31:53.469248', NULL),
	(7, 'Post 7', 'Urdaneta (Old City Hall)', 15.976192106907558, 120.56716281088612, true, '2cb342a3-08a6-455c-8cc0-88eafe0cde21', '2cb342a3-08a6-455c-8cc0-88eafe0cde21', NULL, '2024-03-18 07:32:43.190782', '2024-03-18 07:32:43.190782', NULL),
	(8, 'Post 8', 'Urdaneta (Old City Hall)', 15.976192106907558, 120.56716281088612, true, '2cb342a3-08a6-455c-8cc0-88eafe0cde21', '2cb342a3-08a6-455c-8cc0-88eafe0cde21', NULL, '2024-03-18 07:33:29.539963', '2024-03-18 07:33:29.539963', NULL),
	(9, 'Post 9', 'Urdaneta (Old City Hall)', 15.976192106907558, 120.56716281088612, true, '2cb342a3-08a6-455c-8cc0-88eafe0cde21', '2cb342a3-08a6-455c-8cc0-88eafe0cde21', NULL, '2024-03-18 07:34:18.645484', '2024-03-18 07:34:18.645484', NULL),
	(10, 'Post 10', 'Urdaneta (Old City Hall)', 15.976192106907558, 120.56716281088612, true, '2cb342a3-08a6-455c-8cc0-88eafe0cde21', '2cb342a3-08a6-455c-8cc0-88eafe0cde21', NULL, '2024-03-18 07:35:42.318178', '2024-03-18 07:35:42.318178', NULL),
	(11, 'Post 11', 'Urdaneta (Old City Hall)', 15.976192106907558, 120.56716281088612, true, '2cb342a3-08a6-455c-8cc0-88eafe0cde21', '2cb342a3-08a6-455c-8cc0-88eafe0cde21', NULL, '2024-03-18 07:36:28.958047', '2024-03-18 07:36:28.958047', NULL),
	(12, 'Post 12', 'Urdaneta (Old City Hall)', 15.976192106907558, 120.56716281088612, true, '2cb342a3-08a6-455c-8cc0-88eafe0cde21', '2cb342a3-08a6-455c-8cc0-88eafe0cde21', NULL, '2024-03-18 07:37:36.822848', '2024-03-18 07:37:36.822848', NULL),
	(13, 'Post 13', 'Urdaneta (Old City Hall)', 15.976192106907558, 120.56716281088612, true, '2cb342a3-08a6-455c-8cc0-88eafe0cde21', '2cb342a3-08a6-455c-8cc0-88eafe0cde21', NULL, '2024-03-18 07:38:15.705146', '2024-03-18 07:38:15.705146', NULL),
	(14, 'Post 14', 'Urdaneta (Old City Hall)', 15.976192106907558, 120.56716281088612, true, '2cb342a3-08a6-455c-8cc0-88eafe0cde21', '2cb342a3-08a6-455c-8cc0-88eafe0cde21', NULL, '2024-03-18 07:39:06.933496', '2024-03-18 07:39:06.933496', NULL),
	(15, 'Post 15', 'Urdaneta (Old City Hall)', 15.976192106907558, 120.56716281088612, true, '2cb342a3-08a6-455c-8cc0-88eafe0cde21', '2cb342a3-08a6-455c-8cc0-88eafe0cde21', NULL, '2024-03-18 07:39:53.7891', '2024-03-18 07:39:53.7891', NULL),
	(16, 'Post 16', 'Urdaneta (Old City Hall)', 15.976192106907558, 120.56716281088612, true, '2cb342a3-08a6-455c-8cc0-88eafe0cde21', '2cb342a3-08a6-455c-8cc0-88eafe0cde21', NULL, '2024-03-18 07:40:39.355159', '2024-03-18 07:40:39.355159', NULL),
	(17, 'Post 17', 'Urdaneta (Old City Hall)', 15.976192106907558, 120.56716281088612, true, '2cb342a3-08a6-455c-8cc0-88eafe0cde21', '2cb342a3-08a6-455c-8cc0-88eafe0cde21', NULL, '2024-03-18 07:41:25.101591', '2024-03-18 07:41:25.101591', NULL),
	(18, 'Post 18', 'Urdaneta (Old City Hall)', 15.976192106907558, 120.56716281088612, true, '2cb342a3-08a6-455c-8cc0-88eafe0cde21', '2cb342a3-08a6-455c-8cc0-88eafe0cde21', NULL, '2024-03-18 07:42:08.436916', '2024-03-18 07:42:08.436916', NULL),
	(19, 'Post 19', 'Urdaneta (Old City Hall)', 15.976192106907558, 120.56716281088612, true, '2cb342a3-08a6-455c-8cc0-88eafe0cde21', '2cb342a3-08a6-455c-8cc0-88eafe0cde21', NULL, '2024-03-18 07:42:52.404652', '2024-03-18 07:42:52.404652', NULL),
	(20, 'Post 20', 'Urdaneta (Old City Hall)', 15.976192106907558, 120.56716281088612, true, '2cb342a3-08a6-455c-8cc0-88eafe0cde21', '2cb342a3-08a6-455c-8cc0-88eafe0cde21', NULL, '2024-03-18 07:43:28.728134', '2024-03-18 07:43:28.728134', NULL),
	(21, 'Post 21', 'Urdaneta (Old City Hall)', 15.976192106907558, 120.56716281088612, true, '2cb342a3-08a6-455c-8cc0-88eafe0cde21', '2cb342a3-08a6-455c-8cc0-88eafe0cde21', NULL, '2024-03-18 07:44:10.281258', '2024-03-18 07:44:10.281258', NULL),
	(22, 'Post 22', 'Urdaneta (Old City Hall)', 15.976192106907558, 120.56716281088612, true, '2cb342a3-08a6-455c-8cc0-88eafe0cde21', '2cb342a3-08a6-455c-8cc0-88eafe0cde21', NULL, '2024-03-18 07:44:48.06873', '2024-03-18 07:44:48.06873', NULL),
	(23, 'Post 23', 'Urdaneta (Old City Hall)', 15.976192106907558, 120.56716281088612, true, '2cb342a3-08a6-455c-8cc0-88eafe0cde21', '2cb342a3-08a6-455c-8cc0-88eafe0cde21', NULL, '2024-03-18 07:45:34.586245', '2024-03-18 07:45:34.586245', NULL),
	(24, 'Post 24', 'Urdaneta (Old City Hall)', 15.976192106907558, 120.56716281088612, true, '2cb342a3-08a6-455c-8cc0-88eafe0cde21', '2cb342a3-08a6-455c-8cc0-88eafe0cde21', NULL, '2024-03-18 07:46:23.003058', '2024-03-18 07:46:23.003058', NULL);


--
-- Data for Name: vehicle_types; Type: TABLE DATA; Schema: public; Owner: postgres
--

INSERT INTO "public"."vehicle_types" ("id", "type", "big_vehicle", "hidden", "created_by", "updated_by", "deleted_by", "created_at", "updated_at", "deleted_at") VALUES
	(1, 'Car', true, false, '2cb342a3-08a6-455c-8cc0-88eafe0cde21', '2cb342a3-08a6-455c-8cc0-88eafe0cde21', NULL, '2024-03-18 07:47:42.779542', '2024-03-18 07:47:42.779542', NULL),
	(2, 'Motorcycle', false, false, '2cb342a3-08a6-455c-8cc0-88eafe0cde21', '2cb342a3-08a6-455c-8cc0-88eafe0cde21', NULL, '2024-03-18 07:48:10.73235', '2024-03-18 07:48:10.73235', NULL),
	(3, 'Tricycle', false, false, '2cb342a3-08a6-455c-8cc0-88eafe0cde21', '2cb342a3-08a6-455c-8cc0-88eafe0cde21', NULL, '2024-03-18 07:48:41.805464', '2024-03-18 07:48:41.805464', NULL),
	(4, 'Truck', true, false, '2cb342a3-08a6-455c-8cc0-88eafe0cde21', '2cb342a3-08a6-455c-8cc0-88eafe0cde21', NULL, '2024-03-18 07:48:59.899655', '2024-03-18 07:48:59.899655', NULL);


--
-- Data for Name: buckets; Type: TABLE DATA; Schema: storage; Owner: supabase_storage_admin
--



--
-- Data for Name: objects; Type: TABLE DATA; Schema: storage; Owner: supabase_storage_admin
--



--
-- Data for Name: hooks; Type: TABLE DATA; Schema: supabase_functions; Owner: supabase_functions_admin
--



--
-- Data for Name: secrets; Type: TABLE DATA; Schema: vault; Owner: supabase_admin
--



--
-- Name: refresh_tokens_id_seq; Type: SEQUENCE SET; Schema: auth; Owner: supabase_auth_admin
--

SELECT pg_catalog.setval('"auth"."refresh_tokens_id_seq"', 166, true);


--
-- Name: key_key_id_seq; Type: SEQUENCE SET; Schema: pgsodium; Owner: supabase_admin
--

SELECT pg_catalog.setval('"pgsodium"."key_key_id_seq"', 1, false);


--
-- Name: Tickets_id_seq; Type: SEQUENCE SET; Schema: public; Owner: postgres
--

SELECT pg_catalog.setval('"public"."tickets_id_seq"', 1, false);


--
-- Name: employees_id_seq; Type: SEQUENCE SET; Schema: public; Owner: postgres
--

SELECT pg_catalog.setval('"public"."employees_id_seq"', 279, true);


--
-- Name: impounds_id_seq; Type: SEQUENCE SET; Schema: public; Owner: postgres
--

SELECT pg_catalog.setval('"public"."impounds_id_seq"', 1, false);


--
-- Name: permissions_id_seq; Type: SEQUENCE SET; Schema: public; Owner: postgres
--

SELECT pg_catalog.setval('"public"."permissions_id_seq"', 1, false);


--
-- Name: roles_id_seq; Type: SEQUENCE SET; Schema: public; Owner: postgres
--

SELECT pg_catalog.setval('"public"."roles_id_seq"', 1, false);


--
-- Name: ticket_issue_location_id_seq; Type: SEQUENCE SET; Schema: public; Owner: postgres
--

SELECT pg_catalog.setval('"public"."ticket_issue_location_id_seq"', 1, false);


--
-- Name: ticket_numbers_auto_ticket_number_seq; Type: SEQUENCE SET; Schema: public; Owner: postgres
--

SELECT pg_catalog.setval('"public"."ticket_numbers_auto_ticket_number_seq"', 1, false);


--
-- Name: ticket_payment_id_seq; Type: SEQUENCE SET; Schema: public; Owner: postgres
--

SELECT pg_catalog.setval('"public"."ticket_payment_id_seq"', 1, false);


--
-- Name: traffic_posts_id_seq; Type: SEQUENCE SET; Schema: public; Owner: postgres
--

SELECT pg_catalog.setval('"public"."traffic_posts_id_seq"', 24, true);


--
-- Name: vehicle_types_id_seq; Type: SEQUENCE SET; Schema: public; Owner: postgres
--

SELECT pg_catalog.setval('"public"."vehicle_types_id_seq"', 4, true);


--
-- Name: violations_id_seq; Type: SEQUENCE SET; Schema: public; Owner: postgres
--

SELECT pg_catalog.setval('"public"."violations_id_seq"', 58, true);


--
-- Name: hooks_id_seq; Type: SEQUENCE SET; Schema: supabase_functions; Owner: supabase_functions_admin
--

SELECT pg_catalog.setval('"supabase_functions"."hooks_id_seq"', 1, false);


--
-- PostgreSQL database dump complete
--

RESET ALL;
